guideline_id,title,organization,year,topic,population,condition,intervention,recommendation_summary,recommendations_json,recommendation_strength,evidence_certainty,methodology,source_url,doi,pmid,access_status,retrieved_at,notes
guideline_9bae12f2b1aa,AASM guideline metadata: behavioral treatment,American Academy of Sleep Medicine,,behavioral treatment,,behavioral treatment,,Metadata-only curated guideline entry; consult official source for full recommendations.,[],,,curated metadata plus public citation discovery path,https://aasm.org/clinical-resources/practice-standards/,,,metadata_only,2026-07-23T08:29:14.463081,No restricted guideline full text copied.
guideline_3e2063229f16,AASM guideline metadata: circadian rhythm sleep wake disorders,American Academy of Sleep Medicine,,circadian rhythm sleep wake disorders,,circadian rhythm sleep wake disorders,,Metadata-only curated guideline entry; consult official source for full recommendations.,[],,,curated metadata plus public citation discovery path,https://aasm.org/clinical-resources/practice-standards/,,,metadata_only,2026-07-23T08:29:14.463067,No restricted guideline full text copied.
guideline_b57f6bd325c0,AASM guideline metadata: hypersomnia,American Academy of Sleep Medicine,,hypersomnia,,hypersomnia,,Metadata-only curated guideline entry; consult official source for full recommendations.,[],,,curated metadata plus public citation discovery path,https://aasm.org/clinical-resources/practice-standards/,,,metadata_only,2026-07-23T08:29:14.463070,No restricted guideline full text copied.
guideline_e3225be20e0c,AASM guideline metadata: insomnia,American Academy of Sleep Medicine,,insomnia,,insomnia,,Metadata-only curated guideline entry; consult official source for full recommendations.,[],,,curated metadata plus public citation discovery path,https://aasm.org/clinical-resources/practice-standards/,,,metadata_only,2026-07-23T08:29:14.463057,No restricted guideline full text copied.
guideline_085fc8254a83,AASM guideline metadata: narcolepsy,American Academy of Sleep Medicine,,narcolepsy,,narcolepsy,,Metadata-only curated guideline entry; consult official source for full recommendations.,[],,,curated metadata plus public citation discovery path,https://aasm.org/clinical-resources/practice-standards/,,,metadata_only,2026-07-23T08:29:14.463073,No restricted guideline full text copied.
guideline_b5748cb5886b,AASM guideline metadata: parasomnias,American Academy of Sleep Medicine,,parasomnias,,parasomnias,,Metadata-only curated guideline entry; consult official source for full recommendations.,[],,,curated metadata plus public citation discovery path,https://aasm.org/clinical-resources/practice-standards/,,,metadata_only,2026-07-23T08:29:14.463075,No restricted guideline full text copied.
guideline_b7e07dea303e,AASM guideline metadata: pediatric sleep,American Academy of Sleep Medicine,,pediatric sleep,,pediatric sleep,,Metadata-only curated guideline entry; consult official source for full recommendations.,[],,,curated metadata plus public citation discovery path,https://aasm.org/clinical-resources/practice-standards/,,,metadata_only,2026-07-23T08:29:14.463078,No restricted guideline full text copied.
guideline_219f376b3cdf,AASM guideline metadata: pharmacologic treatment,American Academy of Sleep Medicine,,pharmacologic treatment,,pharmacologic treatment,,Metadata-only curated guideline entry; consult official source for full recommendations.,[],,,curated metadata plus public citation discovery path,https://aasm.org/clinical-resources/practice-standards/,,,metadata_only,2026-07-23T08:29:14.463083,No restricted guideline full text copied.
guideline_e993e0d65c1d,AASM guideline metadata: sleep apnea,American Academy of Sleep Medicine,,sleep apnea,,sleep apnea,,Metadata-only curated guideline entry; consult official source for full recommendations.,[],,,curated metadata plus public citation discovery path,https://aasm.org/clinical-resources/practice-standards/,,,metadata_only,2026-07-23T08:29:14.463063,No restricted guideline full text copied.
