subject_id,subject,fmri_qc_signal_GS_pre_mean,fmri_qc_signal_GS_post_mean,fmri_qc_signal_GS_mean_delta,fmri_qc_signal_GS_pre_sigma,fmri_qc_signal_GS_post_sigma,fmri_qc_signal_GS_sigma_delta,fmri_qc_signal_GS_sigma_reduction_percent,fmri_qc_signal_GS_pre_max,fmri_qc_signal_GS_post_max,fmri_qc_signal_CSF_pre_mean,fmri_qc_signal_CSF_post_mean,fmri_qc_signal_CSF_mean_delta,fmri_qc_signal_CSF_pre_sigma,fmri_qc_signal_CSF_post_sigma,fmri_qc_signal_CSF_sigma_delta,fmri_qc_signal_CSF_sigma_reduction_percent,fmri_qc_signal_CSF_pre_max,fmri_qc_signal_CSF_post_max,fmri_qc_signal_WM_pre_mean,fmri_qc_signal_WM_post_mean,fmri_qc_signal_WM_mean_delta,fmri_qc_signal_WM_pre_sigma,fmri_qc_signal_WM_post_sigma,fmri_qc_signal_WM_sigma_delta,fmri_qc_signal_WM_sigma_reduction_percent,fmri_qc_signal_WM_pre_max,fmri_qc_signal_WM_post_max,fmri_qc_signal_DVARS_pre_mean,fmri_qc_signal_DVARS_post_mean,fmri_qc_signal_DVARS_mean_delta,fmri_qc_signal_DVARS_pre_sigma,fmri_qc_signal_DVARS_post_sigma,fmri_qc_signal_DVARS_sigma_delta,fmri_qc_signal_DVARS_sigma_reduction_percent,fmri_qc_signal_DVARS_pre_max,fmri_qc_signal_DVARS_post_max,fmri_qc_signal_FD_pre_mean,fmri_qc_signal_FD_post_mean,fmri_qc_signal_FD_mean_delta,fmri_qc_signal_FD_pre_sigma,fmri_qc_signal_FD_post_sigma,fmri_qc_signal_FD_sigma_delta,fmri_qc_signal_FD_sigma_reduction_percent,fmri_qc_signal_FD_pre_max,fmri_qc_signal_FD_post_max,fmri_mean_FD,fmri_max_FD,fmri_mean_DVARS,fmri_qc_signal_post_DVARS_mean,fmri_qc_signal_post_GS_mean,fmri_percent_high_motion,fmri_post_DVARS_std,fmri_timefreq_TR,fmri_timefreq_sampling_rate_hz,fmri_timefreq_ALFF_0.01_0.08,fmri_timefreq_fALFF_0.01_0.08_over_0.01_0.25,fmri_global_signal_psd_power_mean,fmri_global_signal_psd_power_max,fmri_thalamus_roi_voxels,fmri_DMN_roi_voxels,fmri_salience_roi_voxels,fmri_frontoparietal_roi_voxels,fmri_thalamus_DMN_FC,fmri_thalamus_salience_FC,fmri_thalamus_frontoparietal_FC,fmri_DMN_salience_FC,fmri_DMN_frontoparietal_FC,fmri_salience_frontoparietal_FC,fmri_DMN_FC,fmri_salience_FC,fmri_frontoparietal_FC
sub-ISM035,sub-ISM035,199.9158477783203,199.91597747802734,0.00012969970703125,1.1855053901672363,0.24432476609945294,-0.9411806240677834,79.39673204864852,204.34867095947266,200.99076843261716,402.20054626464844,402.20054626464844,0.0,4.058191776275635,0.8729812800884247,-3.18521049618721,78.3401198997403,415.06494140625,405.75270080566406,488.08497619628906,488.0850067138672,3.0517578125e-05,1.254439264535904,0.21810676902532572,-1.0363324955105782,81.01779116608122,494.4324188232422,488.91770935058594,8.362650394439697,6.061768293380737,-2.30088210105896,2.190565764904022,1.3819502592086792,-0.808615505695343,38.359922047125195,36.300703048706055,16.78961420059204,0.14061841368675226,0.14061841368675226,0.0,0.09147137403488155,0.09147137403488155,0.0,0.0,1.6952667236328125,1.6952667236328125,0.14061841368675226,1.6952667236328125,6.061768293380737,6.061768293380737,199.91597747802734,0.00874999999999995,1.3825264475585728,2.0,0.5,0.11307710521350045,0.7117786241062809,0.1930311485338061,6.801900148391724,1200.0,1200.0,1200.0,1200.0,0.33090183576277654,0.1883466120677746,0.33165564913614504,0.24978137368277642,0.45484229300366685,0.3934239721240018,1.0736274123191833,1.116783857345581,1.162852942943573
sub-ISM036,sub-ISM036,189.11270650227866,189.11290486653647,0.0001983642578125,1.3708139260609944,0.1898063134710052,-1.1810076125899893,87.25803909885896,192.5597178141276,189.82405598958334,410.6511739095052,410.6513163248698,0.00014241536458333334,5.126044114430745,0.7273369754281399,-4.398707139002606,85.7244987841584,426.81276448567706,414.1991882324219,442.7340393066406,442.7337951660156,-0.000244140625,1.8872943719228108,0.22582420284015825,-1.6614701690826525,89.72889193581311,447.38242594401044,443.5255126953125,6.62350606918335,4.008510446125001,-2.6149956230583484,1.8631256024042768,0.6875938878917319,-1.1755317145125446,60.113038949079964,24.222795168558758,8.216100014105905,0.13863941282033918,0.13863941282033918,0.0,0.09494529788692789,0.09494529788692789,0.0,0.0,1.120288113753001,1.120288113753001,0.13863941282033918,1.120288113753001,4.008510446125001,4.008510446125001,189.11290486653647,0.013055555555555534,0.6878809465250284,2.0,0.5,0.08757876037153577,0.5227302407810183,0.1885276831713413,6.81312624613444,804.0,804.0,804.0,804.0,0.5870381699063519,0.6381799998165315,0.6440754750062325,0.6381812382344217,0.7582567957816938,0.8248006302110887,0.9669389239885883,0.9609786281265164,1.018594412331974
sub-ISM037,sub-ISM037,201.1829376220703,201.1815948486328,-0.0013427734375,1.1314557790756226,0.1975378990173339,-0.9339178800582886,82.54126209168169,205.1719970703125,202.2973175048828,438.4098815917969,438.4097900390625,-9.1552734375e-05,3.973931312561035,0.8553215265274048,-3.1186097860336304,78.47669073132053,453.1744995117188,441.59283447265625,479.6808471679688,479.6808471679688,0.0,0.7661120891571045,0.266695499420166,-0.4994165897369385,65.18844915845266,482.7550048828125,480.4845886230469,8.907212257385254,7.534060955047607,-1.3731513023376465,2.310957193374634,1.426598072052002,-0.8843591213226318,38.26808752053187,46.20309448242188,13.378342628479004,0.1595720648765564,0.1595720648765564,0.0,0.1110687255859375,0.1110687255859375,0.0,0.0,2.799860954284668,2.799860954284668,0.1595720648765564,2.799860954284668,7.534060955047607,7.534060955047607,201.1815948486328,0.0066666666666666,1.4271927360861512,2.0,0.5,0.0809891409505083,0.7338338106051848,0.1385520946815638,5.449234008789063,,,,,,,,,,,,,
sub-ISM038,sub-ISM038,197.61627960205078,197.6156463623047,-0.00063323974609375,1.2382219731807709,0.2284385338425636,-1.0097834393382072,81.25154781996292,200.60768890380862,199.02661895751953,395.8162078857422,395.81622314453125,1.52587890625e-05,3.8217235803604126,0.8285642564296722,-2.9931593239307404,77.44525576323004,407.1252899169922,401.76617431640625,471.33673095703125,471.33673095703125,0.0,1.9949150681495667,0.29124560952186584,-1.7036694586277008,81.81129894042127,475.9868469238281,472.5476531982422,9.160435914993286,6.0193703174591064,-3.1410655975341797,2.310080349445343,1.0098020434379578,-1.3002783060073853,47.70120405425679,35.6122350692749,13.102041721343994,0.24606912583112714,0.24606912583112714,0.0,0.17094034329056734,0.17094034329056734,0.0,0.0,2.241636097431183,2.241636097431183,0.24606912583112714,2.241636097431183,6.0193703174591064,6.0193703174591064,197.6156463623047,0.1370833333333333,1.010223083890082,2.0,0.5,0.1304774971414957,0.78903870992554,0.17906509470483356,5.137891173362732,1200.0,1200.0,1200.0,1200.0,0.04233373836239495,0.14658083205585018,-0.01034037579698125,0.37983805337979804,0.432118484468092,0.31326769596789017,1.3991482853889465,1.3343852758407593,1.6687930822372437
sub-ISM039,sub-ISM039,198.55938720703125,198.55897521972656,-0.0004119873046875,1.0164224207401276,0.2754310965538025,-0.7409913241863251,72.56792867155995,203.36495208740237,200.05471038818362,385.1298828125,385.1298522949219,-3.0517578125e-05,2.6460570096969604,0.9529873132705688,-1.6930696964263916,63.98493246445885,402.3754119873047,390.4168701171875,441.6186981201172,441.61865234375,-4.57763671875e-05,1.4130402207374573,0.2186134830117225,-1.1944267377257347,84.40037094796467,446.7178039550781,442.71795654296875,7.567065238952637,6.0435426235198975,-1.5235226154327393,3.1079241037368774,1.5988418459892273,-1.5090822577476501,48.577549853346156,43.17613983154297,16.804351806640625,0.14689780771732325,0.14689780771732325,0.0,0.18733246624469754,0.18733246624469754,0.0,0.0,3.2483817338943486,3.2483817338943486,0.14689780771732325,3.2483817338943486,6.0435426235198975,6.0435426235198975,198.55897521972656,0.0283333333333333,1.5995084708277307,2.0,0.5,0.0974355802045287,0.7057648663429532,0.22328414126523125,11.109794616699219,1200.0,1200.0,1200.0,1200.0,0.3950746754330724,0.3149163286704856,0.30572733957808385,0.23029365827936493,0.6079259277972658,0.33277659630493545,1.3615169525146484,1.1349361538887024,1.2255747318267822
sub-ISM040,sub-ISM040,188.64380645751953,188.6433334350586,-0.0004730224609375,0.8064900040626526,0.2508700862526893,-0.5556199178099632,68.34121696813875,190.93566894531253,189.50698852539062,383.23387145996094,383.23388671875,1.52587890625e-05,3.5340535640716553,1.0909025073051453,-2.44315105676651,67.5125934166234,391.80433654785156,386.1360626220703,464.02325439453125,464.0233154296875,6.103515625e-05,1.394791066646576,0.36816662549972534,-1.0266244411468506,72.38543767534966,468.1023864746094,465.20542907714844,7.508480787277222,6.542850017547607,-0.9656307697296143,2.385679543018341,1.6740218400955202,-0.711657702922821,29.662498077900032,27.49944019317627,18.6050386428833,0.19025379419326782,0.19025379419326782,0.0,0.157346136868,0.157346136868,0.0,0.0,2.3647223711013794,2.3647223711013794,0.19025379419326782,2.3647223711013794,6.542850017547607,6.542850017547607,188.6433334350586,0.0420833333333333,1.6747198407140966,2.0,0.5,0.10559801244358955,0.7156631343695725,0.19100079723532745,7.075190782546997,1200.0,1200.0,1200.0,1200.0,0.2534972042142029,0.1392473548395275,0.18870554835721928,0.29586058274218446,0.914942656681863,0.26959492815095787,1.5414414405822754,1.3961864709854126,1.727491855621338
sub-ISM041,sub-ISM041,102.4341812133789,102.43462371826172,0.0004425048828125,1.215740442276001,0.1358468532562255,-1.0798935890197754,88.82599866449247,107.1915054321289,102.94799041748048,234.3062438964844,234.3062438964844,0.0,3.15657377243042,0.4840901792049408,-2.672483593225479,84.6640625531076,249.171142578125,236.2417907714844,257.0212097167969,257.021240234375,3.0517578125e-05,1.930410385131836,0.1719426959753036,-1.7584676891565325,91.09294597150848,263.5975646972656,257.5478820800781,5.244647979736328,4.196398735046387,-1.0482492446899414,2.930283546447754,1.0298564434051514,-1.9004271030426023,64.85471705789023,48.31463241577149,14.97240161895752,0.3334483504295349,0.3334483504295349,0.0,0.3871732950210571,0.3871732950210571,0.0,0.0,7.430807590484619,7.430807590484619,0.3334483504295349,7.430807590484619,4.196398735046387,4.196398735046387,102.43462371826172,0.1158333333333333,1.030285805472827,2.0,0.5,0.0881786430393373,0.7821568140716382,0.1060098957689117,1.4527983665466309,,,,,,,,,,,,,
sub-ISM042,sub-ISM042,99.16989517211914,99.16998291015625,8.773803710935001e-05,1.5423844456672668,0.2095243334770202,-1.3328601121902466,86.41785015112433,104.56140518188477,99.93661117553711,217.3134536743164,217.31349182128906,3.814697265625e-05,4.60577654838562,0.9684042036533356,-3.6373723447322845,78.75117526295884,235.5287094116211,220.3471908569336,249.4814682006836,249.48148345947266,1.52587890625e-05,3.2049062252044678,0.22209335863590235,-2.9828128665685654,92.93380116603002,258.3403015136719,250.20023345947266,6.041311740875244,4.70917534828186,-1.3321363925933838,3.228440999984741,1.6987510919570923,-1.529689908027649,47.011656750643034,42.64557456970215,18.72955894470215,0.36795367300510406,0.36795367300510406,0.0,0.46015819907188416,0.46015819907188416,0.0,0.0,10.889073848724365,10.889073848724365,0.36795367300510406,10.889073848724365,4.70917534828186,4.70917534828186,99.16998291015625,0.19291666666666665,1.6994593731177117,2.0,0.5,0.1336265250064192,0.7663037947682666,0.1682592986111868,3.813021183013916,1200.0,1200.0,1200.0,1200.0,0.3172115405084557,0.36156260640420645,-0.17902933246207256,0.4002425911934667,0.5160842105181174,0.24476553497594628,0.9704225957393646,1.5264968872070312,1.1384099125862122
sub-ISM043,sub-ISM043,96.04801177978516,96.04808807373047,7.62939453125e-05,1.4366775155067444,0.1706104353070259,-1.2660670801997185,84.57467820079157,101.83700180053711,96.7918701171875,210.61316680908203,210.61317443847656,7.62939453125e-06,3.8439760208129883,0.7499485313892365,-3.094027489423752,77.23571109471577,227.48502349853516,213.87232971191406,249.62741088867188,249.62741088867188,0.0,2.1315414905548096,0.2126148715615272,-1.9189266189932823,87.00242525793165,259.43151092529297,250.7484436035156,5.1209938526153564,4.332526445388794,-0.7884674072265625,4.4519675970077515,1.704869031906128,-2.7470985651016235,61.97905716896833,46.013089179992676,15.64317512512207,0.31885458528995514,0.31885458528995514,0.0,0.6611731350421906,0.6611731350421906,0.0,0.0,8.705397367477417,8.705397367477417,0.31885458528995514,8.705397367477417,4.332526445388794,4.332526445388794,96.04808807373047,0.12166666666666665,1.7055798710193357,2.0,0.5,0.06555281023648535,0.6274889457181103,0.12837293105698075,3.7406778931617737,1200.0,1200.0,1200.0,1200.0,0.36570432814433174,0.2817521848086423,0.3711266539509336,0.35788662366196977,0.7557074682492471,0.4869466366996833,1.1916232109069824,1.0785741209983826,1.1133574843406677
sub-ISM044,sub-ISM044,86.60632705688477,86.60624313354492,-8.392333984375e-05,0.5577083975076675,0.12341657280921929,-0.4342918246984482,77.00668678457012,88.65995407104492,87.38258743286133,199.34976959228516,199.34978485107425,1.52587890625e-05,1.632503867149353,0.5638404190540314,-1.0686634480953217,64.41506092958332,205.8894271850586,204.1782989501953,223.85789489746094,223.85791778564453,2.288818359375e-05,0.998721718788147,0.13935470581054685,-0.8593670129776001,84.8603934811184,227.78156280517575,224.4244155883789,5.188411474227905,3.225058436393738,-1.9633530378341675,1.7817814350128174,0.7857749462127686,-0.9960064888000488,55.92286258076898,24.178395748138428,12.482966899871826,0.36258135735988617,0.36258135735988617,0.0,0.20809766650199885,0.20809766650199885,0.0,0.0,1.9839705228805542,1.9839705228805542,0.36258135735988617,1.9839705228805542,3.225058436393738,3.225058436393738,86.60624313354492,0.1595833333333333,0.7861025520260815,2.0,0.5,0.07385535479656785,0.725331102498193,0.09546880381427295,0.8978597223758698,1200.0,1200.0,1200.0,1200.0,0.06512283818446105,0.2776373303482709,-0.0026110023936000495,0.2972242983071856,0.4320395826598476,0.4039917025695183,0.7165980041027069,0.8508736789226532,0.8361558020114899
sub-ISM045,sub-ISM045,96.10371017456055,96.10453414916992,0.000823974609375,1.0268076658248901,0.12990907952189445,-0.8968985863029957,87.39000965789647,99.2812614440918,96.57944869995117,235.04817962646484,235.0481719970703,-7.62939453125e-06,2.8416906595230103,0.6422811150550842,-2.199409544467926,77.34744377079721,245.7266616821289,237.60812377929688,227.89466094970703,227.8946762084961,1.52587890625e-05,1.7146353721618652,0.1449787393212318,-1.5696566328406334,91.53613994882404,233.75687408447266,228.39408874511722,4.370250463485718,3.168109178543091,-1.202141284942627,1.971152901649475,1.0799598097801208,-0.8911930918693542,41.722968841470085,20.904640197753906,16.828280925750732,0.2171157449483871,0.2171157449483871,0.0,0.21842405945062632,0.21842405945062632,0.0,0.0,2.7940701246261597,2.7940701246261597,0.2171157449483871,2.7940701246261597,3.168109178543091,3.168109178543091,96.10453414916992,0.054166666666666655,1.0804100429121983,2.0,0.5,0.06763740414067304,0.7754659376492063,0.1023716114356738,1.8792465329170227,1200.0,1200.0,1200.0,1200.0,0.2519943895158809,0.2763822774838516,0.1251467369725045,0.3863565706032811,0.4560002603837965,0.28300046034977205,0.8095434010028839,0.9358560740947723,0.8170523941516876
sub-ISMHC009,sub-ISMHC009,87.7901382446289,87.79004669189453,-9.1552734375e-05,0.34432779749234516,0.0709542371332645,-0.27337356035908056,77.61981038719789,88.75262451171875,88.1429443359375,197.9502410888672,197.9502410888672,0.0,1.1622449954350789,0.18142640590667725,-0.9808185895284017,81.54381069297797,202.38895670572913,199.24042256673178,210.37725830078125,210.37723795572916,-2.0345052083333332e-05,0.504660576581955,0.07130297770102813,-0.4333575988809268,85.61886073194319,211.53996785481772,210.6259765625,4.037574529647827,2.8453710873921714,-1.192203442255656,1.1490819851557414,0.6690491040547689,-0.4800328811009725,43.38205121473547,13.227594057718912,6.136852900187175,0.11930813888708743,0.11930813888708743,0.0,0.09707979237039877,0.09707979237039877,0.0,0.0,1.3642926414807637,1.3642926414807637,0.11930813888708743,1.3642926414807637,2.8453710873921714,2.8453710873921714,87.79004669189453,0.008055555555555533,0.6701287436132572,2.0,0.5,0.036671925421317836,0.6437203984255772,0.07779030402039794,0.8617112814823044,,,,,,,,,,,,,
sub-ISMHC020,sub-ISMHC020,86.73678588867188,86.73677062988281,-1.52587890625e-05,1.202301263809204,0.1322286874055862,-1.070072576403618,89.00203373431953,91.77493286132812,87.14448547363281,179.564453125,179.56446838378906,1.52587890625e-05,3.051603317260742,0.7100967168807983,-2.341506600379944,76.73037275637078,194.05029296875,181.80377197265625,220.3417205810547,220.3417510986328,3.0517578125e-05,1.939020276069641,0.1406141370534896,-1.7984061390161514,92.7481863501442,227.97091674804688,220.85235595703125,4.675891876220703,3.834139823913574,-0.8417520523071289,2.1313841342926025,1.055392861366272,-1.0759912729263306,50.48321677985314,32.90016174316406,13.008824348449709,0.2899353504180908,0.2899353504180908,0.0,0.4672702848911285,0.4672702848911285,0.0,0.0,10.316085815429688,10.316085815429688,0.2899353504180908,10.316085815429688,3.834139823913574,3.834139823913574,86.73677062988281,0.1066666666666666,1.0558329650299534,2.0,0.5,0.0578592019983182,0.7141779716747074,0.090892885038232,1.1493735313415527,,,,,,,,,,,,,
sub-ISMHC030,sub-ISMHC030,114.21307373046876,114.21304321289062,-3.0517578125e-05,0.643746018409729,0.2144887000322342,-0.4292573183774948,66.6811609084443,116.28881072998048,115.49758911132812,240.17803955078125,240.17807006835932,3.0517578125e-05,2.2114710807800293,0.4830853939056396,-1.7283856868743896,78.15547315521549,247.5000457763672,242.89015197753903,298.7337646484375,298.7337646484375,0.0,0.9247106909751892,0.1587730795145034,-0.7659376114606857,82.82997254556848,301.768310546875,299.2210388183594,4.3176984786987305,3.474944591522217,-0.8427538871765137,1.1557389497756958,0.6833288073539734,-0.4724101424217224,40.875159785296425,19.46086502075196,7.898986339569092,0.1530373692512512,0.1530373692512512,0.0,0.0882062911987304,0.0882062911987304,0.0,0.0,1.1084836721420288,1.1084836721420288,0.1530373692512512,1.1084836721420288,3.474944591522217,3.474944591522217,114.21304321289062,0.0108333333333333,0.6836137086573321,2.0,0.5,0.0657966670730561,0.7182533251323844,0.1399324966464624,8.38302993774414,,,,,,,,,,,,,
sub-YZ001,sub-YZ001,95.8676528930664,95.8676414489746,-1.1444091796875e-05,0.8471253514289856,0.15504795312881464,-0.6920773983001709,81.19481370758577,98.84231185913086,96.4543228149414,212.3906707763672,212.39066314697266,-7.62939453125e-06,2.7294386625289917,0.5320801436901093,-2.1973585188388824,79.65866947319654,222.69165039062506,214.93187713623047,255.2712173461914,255.27124023437497,2.288818359375e-05,1.3319528698921204,0.19039555639028544,-1.1415573135018349,85.71830121877596,259.99815368652344,255.97776794433588,4.839080810546875,4.067974805831909,-0.7711060047149658,2.2085601687431335,1.2072422802448273,-1.0013178884983063,42.57832881413568,26.803495407104492,13.091532707214355,0.27671580016613007,0.27671580016613007,0.0,0.33836036920547485,0.33836036920547485,0.0,0.0,4.585179507732391,4.585179507732391,0.27671580016613007,4.585179507732391,4.067974805831909,4.067974805831909,95.8676414489746,0.08124999999999995,1.2077456208017774,2.0,0.5,0.0713895621381696,0.7343817744607772,0.1086028681512084,2.6103457212448125,1200.0,1200.0,1200.0,1200.0,0.16274452012980306,0.20041221055932884,-0.1240818013861816,0.1509626717971948,0.39295234388910283,0.20778594588267846,0.9139315485954285,1.0502495765686035,0.8488338887691498
sub-YZ002,sub-YZ002,151.51974487304688,151.51968383789062,-6.103515625e-05,0.9559884667396544,0.1449241191148758,-0.8110643476247787,84.84039042760301,156.26278686523438,152.21812438964844,371.7503662109375,371.7503662109375,0.0,2.46709418296814,0.5525954365730286,-1.914498746395111,77.60136437482068,387.8767700195313,375.3397521972656,397.47064208984375,397.4706115722656,-3.0517578125e-05,2.0556423664093018,0.2177132219076156,-1.837929144501686,89.4089932439023,406.0790100097656,398.3148498535156,6.500547885894775,4.113457202911377,-2.3870906829833984,2.084704875946045,0.7670010924339294,-1.3177037835121157,63.20816911382422,30.783578872680664,10.093179702758787,0.1742120087146759,0.1742120087146759,0.0,0.1650882214307785,0.1650882214307785,0.0,0.0,3.6302647590637207,3.6302647590637207,0.1742120087146759,3.6302647590637207,4.113457202911377,4.113457202911377,151.51968383789062,0.0241666666666666,0.7673208710778775,2.0,0.5,0.081645229007261,0.7424231764889396,0.1062473802856176,1.4361493587493896,,,,,,,,,,,,,
sub-YZ003,sub-YZ003,146.64800262451172,146.64795684814453,-4.57763671875e-05,1.785075843334198,0.25438594073057175,-1.5306899026036263,85.75423382306637,152.0902862548828,147.43622589111328,327.7500305175781,327.7500762939453,4.57763671875e-05,4.4757490158081055,1.1494892239570618,-3.3262597918510437,74.27086083772542,340.82933044433594,331.66844177246094,350.6022186279297,350.6022491455078,3.0517578125e-05,2.4109890460968018,0.2862583249807358,-2.124730721116066,88.11040453170868,359.9171447753906,351.49530029296875,13.829062461853027,6.023571014404297,-7.80549144744873,3.4722185134887695,1.7360991835594177,-1.7361193299293518,49.78137837625659,35.37605094909668,17.57467269897461,0.6277637779712677,0.6277637779712677,0.0,0.32670487463474274,0.32670487463474274,0.0,0.0,2.7116525769233704,2.7116525769233704,0.6277637779712677,2.7116525769233704,6.023571014404297,6.023571014404297,146.64795684814453,0.6108333333333333,1.7368230543139815,2.0,0.5,0.13909544153817516,0.7145124101488953,0.20657706482682453,5.277092218399048,1200.0,1200.0,1200.0,1200.0,0.16953061977116018,0.14075361922070145,0.11633550596429411,0.43692234671368074,0.6451466005094946,0.4687310885275457,1.3054484128952026,1.43800550699234,1.5338206887245178
sub-YZ004,sub-YZ004,129.31925582885742,129.31927108764648,1.52587890625e-05,3.001386344432831,0.20755396783351895,-2.793832376599312,91.91560918423426,135.7247085571289,130.0109748840332,267.19637298583984,267.19637298583984,0.0,8.702199459075928,1.0052111446857452,-7.6969883143901825,88.00917909390681,285.7201843261719,270.3752899169922,344.1642150878906,344.1641845703125,-3.0517578125e-05,8.361474990844727,0.2750920206308365,-8.08638297021389,96.02214446019985,360.74766540527344,345.01524353027344,6.164984464645386,4.54042387008667,-1.6245605945587158,2.965018391609192,1.4344783425331116,-1.5305400490760803,51.82245690353089,31.348532676696777,16.660908699035645,0.28704142570495605,0.28704142570495605,0.0,0.2526159435510635,0.2526159435510635,0.0,0.0,4.062159419059753,4.062159419059753,0.28704142570495605,4.062159419059753,4.54042387008667,4.54042387008667,129.31927108764648,0.08791666666666664,1.4350763945762903,2.0,0.5,0.09995090864780914,0.7449037213140229,0.15927411631190092,5.086958169937134,1200.0,1200.0,1200.0,1200.0,0.1478350748194415,0.16696778168293455,0.00788570422084825,0.45369466633138855,0.48529961373445535,0.5184122335439949,1.1717828512191772,1.1506825685501099,1.3803215622901917
sub-YZ005,sub-YZ005,148.05341084798178,148.05345662434897,4.57763671875e-05,0.9964435895284017,0.18426304062207532,-0.8121805489063263,82.1546232202114,150.80201212565103,148.60815938313803,358.2707824707031,358.27081298828125,3.0517578125e-05,3.398162047068278,0.8612803518772125,-2.5368816951910653,75.41930811981511,370.2638244628906,361.00157674153644,378.1269226074219,378.12693277994794,1.0172526041666666e-05,1.9571021993954976,0.25108386327823,-1.7060183361172676,86.87172447910137,383.5405782063802,378.95245361328125,9.771397749582926,4.717961470286052,-5.053436279296875,3.3149423599243164,1.05523947874705,-2.2597028811772666,70.03604524734865,23.271409034729004,12.264734109242758,0.38510111967722577,0.38510111967722577,0.0,0.25333190957705176,0.25333190957705176,0.0,0.0,2.0735605359077454,2.0735605359077454,0.38510111967722577,2.0735605359077454,4.717961470286052,4.717961470286052,148.05345662434897,0.2503039832285115,1.0560252895099087,2.0,0.5,0.11271931475397017,0.6835609237907421,0.15382062863413762,2.6309213783256165,853.0,853.0,853.0,853.0,0.08938143662414733,0.08585081888863523,-0.11663936085625433,0.3250268618876762,0.29261479088731207,0.281876271954105,1.0699432690938313,1.24171448747317,1.7668573657671611
sub-YZ006,sub-YZ006,79.6006088256836,79.60053253173828,-7.62939453125e-05,0.6138567328453064,0.125052660703659,-0.4888040721416473,79.6283637512578,82.28959655761719,80.02932739257812,179.001220703125,179.00123596191406,1.52587890625e-05,1.6762744188308716,0.5821170210838318,-1.0941573977470398,65.27316681896076,188.3402404785156,181.17630004882807,220.81304931640625,220.81304931640625,0.0,1.4640038013458252,0.1811072379350662,-1.282896563410759,87.62931914735614,224.7913055419922,221.3352813720703,4.759428024291992,2.4942641258239746,-2.2651638984680176,1.287469506263733,0.5650766491889954,-0.7223928570747375,56.10951199699781,16.119733810424805,7.984654426574707,0.4309980869293213,0.4309980869293213,0.0,0.2485705912113189,0.2485705912113189,0.0,0.0,3.062169313430786,3.062169313430786,0.4309980869293213,3.062169313430786,2.4942641258239746,2.4942641258239746,79.60053253173828,0.3375,0.5653122487267134,2.0,0.5,0.0550744961326394,0.7312147325335974,0.0969159436690108,1.8814904689788816,,,,,,,,,,,,,
sub-YZ007,sub-YZ007,159.55224609375,159.5520782470703,-0.0001678466796875,1.2906734347343445,0.2148412019014358,-1.0758322328329086,82.83304383849782,163.06430053710938,160.39582061767578,373.1646423339844,373.1646423339844,0.0,3.4765594005584717,0.8749277889728546,-2.601631611585617,74.85318207725123,382.82627868652344,375.7817687988281,390.44354248046875,390.4435119628906,-3.0517578125e-05,2.355889618396759,0.22822383791208264,-2.1276657804846764,89.9155096810411,395.4103240966797,391.201416015625,6.100111722946167,4.565806150436401,-1.5343055725097656,1.4907540678977966,0.8914101719856262,-0.5993438959121704,36.59407930347007,22.80619764328003,11.244254112243652,0.19447124749422068,0.19447124749422068,0.0,0.1143259927630424,0.1143259927630424,0.0,0.0,1.268103301525116,1.268103301525116,0.19447124749422068,1.268103301525116,4.565806150436401,4.565806150436401,159.5520782470703,0.0195833333333333,0.8917817976769307,2.0,0.5,0.1115013685465435,0.833437616008801,0.1775172104826197,5.498612880706787,1200.0,1200.0,1200.0,1200.0,0.190154258932108,0.3199866527673071,-0.12859380773821874,0.5037740936230739,0.347216365210014,0.22102672036299686,1.1205634474754333,1.5173583030700684,1.4358203411102295
sub-YZ008,sub-YZ008,139.72362772623697,139.72364807128906,2.0345052083333332e-05,0.640108992656072,0.10986596904695027,-0.5302430236091217,84.00977266015157,141.88487752278647,140.0497080485026,310.1332702636719,310.13330078125,3.0517578125e-05,2.608145554860433,0.41555993010600406,-2.192585624754429,85.44445668688066,322.1581115722656,311.2616678873698,369.78319295247394,369.78322347005206,3.0517578125e-05,1.1265887916088104,0.15175710494319594,-0.9748316866656145,87.37670108590555,373.1569315592448,370.2074381510417,5.373410542805989,3.2705595095952353,-2.1028510332107544,1.0212453802426655,0.5687530040740967,-0.4524923761685689,45.47335563524975,12.613673369089762,7.981293360392253,0.17472393314043677,0.17472393314043677,0.0,0.08032909408211704,0.08032909408211704,0.0,0.0,0.8672607392072678,0.8672607392072678,0.17472393314043677,0.8672607392072678,3.2705595095952353,3.2705595095952353,139.72364807128906,0.009444444444444434,0.5696496658999544,2.0,0.5,0.0532274495187236,0.6704051548592315,0.09333337499827726,1.7047014086854226,828.3333333333334,828.3333333333334,828.3333333333334,828.3333333333334,0.15114588193606626,0.24716006505919164,0.10785536080998366,0.20263843009337923,0.3451837731644878,0.30654276839521316,0.7906172424554825,0.6485669165849686,0.8610586524009705
sub-YZ009,sub-YZ009,86.11848704020183,86.1184819539388,-5.086263020833333e-06,0.8579074144363403,0.1207759728034337,-0.7371314416329066,84.16108838115844,87.86322530110677,86.7117919921875,173.81322224934897,173.81324259440103,2.0345052083333332e-05,2.5050886472066245,0.446100652217865,-2.0589879949887595,81.17650932716644,179.88932291666666,175.96634419759116,227.80638631184897,227.8064168294271,3.0517578125e-05,1.9393040736516316,0.14234900971253708,-1.7969550639390945,89.70686540116934,231.77301025390625,228.34017944335938,3.38854988416036,2.9591403007507324,-0.42940958340962726,1.7682523330052693,0.7749874989191691,-0.9932648340861002,53.00852066417817,32.38656806945801,8.029802163441977,0.221151202917099,0.221151202917099,0.0,0.3214945346117019,0.3214945346117019,0.0,0.0,6.15325391292572,6.15325391292572,0.221151202917099,6.15325391292572,2.9591403007507324,2.9591403007507324,86.1184819539388,0.05638888888888884,0.7753106103535604,2.0,0.5,0.060444823666718835,0.7193918307030772,0.0928581407448897,1.3880350788434346,1200.0,1200.0,1200.0,1200.0,0.250176184490916,0.36468958183703654,0.1974730352702183,0.3310860051988577,0.7020720013360294,0.5466701435817238,0.718910018603007,0.7246018052101135,0.8321765263875326
sub-YZ011,sub-YZ011,158.79364013671875,158.7935791015625,-6.103515625e-05,1.1435059309005735,0.1544089019298553,-0.9890970289707184,86.49688665731276,161.57814025878906,159.96853637695312,386.3175659179688,386.3175659179688,0.0,3.4018070697784424,0.7566997408866882,-2.645107328891754,77.75594778407078,395.66058349609375,392.8398132324219,395.9101867675781,395.9101867675781,0.0,1.5523185729980469,0.2334547340869903,-1.3188638389110563,84.960900542721,400.1495666503906,396.5602111816406,7.00814962387085,4.861782073974609,-2.14636754989624,1.4773300886154177,1.2304785251617432,-0.2468515634536743,16.70930317848115,14.084521293640137,11.269740104675291,0.2059339135885238,0.2059339135885238,0.0,0.1104455664753913,0.1104455664753913,0.0,0.0,1.079342007637024,1.079342007637024,0.2059339135885238,1.079342007637024,4.861782073974609,4.861782073974609,158.7935791015625,0.0175,1.2309915980253916,2.0,0.5,0.0753002982512484,0.7682223473766419,0.1145257402586844,3.0810210704803467,,,,,,,,,,,,,
sub-YZ012,sub-YZ012,91.458984375,91.45884704589844,-0.000137329101562475,0.6092472970485687,0.1351685523986816,-0.4740787446498871,77.32323347580288,93.8622817993164,91.90104675292969,216.28460693359375,216.2846298217773,2.288818359375e-05,1.7728734016418457,0.5315297544002533,-1.2413436472415924,69.89225503122228,222.79471588134766,217.82611083984375,238.34792327880862,238.34793853759766,1.52587890625e-05,0.9783317446708679,0.20358854532241819,-0.7747431993484497,79.11277425493077,243.31526947021484,239.09558868408203,3.6662806272506714,2.796069025993347,-0.8702116012573242,1.162097156047821,0.6982061564922333,-0.46389099955558777,40.55743974111782,16.60610342025757,6.607213735580444,0.1862137615680694,0.1862137615680694,0.0,0.14449571818113324,0.14449571818113324,0.0,0.0,1.9254828095436098,1.9254828095436098,0.1862137615680694,1.9254828095436098,2.796069025993347,2.796069025993347,91.45884704589844,0.03875,0.6984972582856006,2.0,0.5,0.060082682591223596,0.7862391889345738,0.1010508069113373,2.014814794063568,1200.0,1200.0,1200.0,1200.0,0.2187409230847569,0.3646994936010496,-0.042094502328434404,0.7534298641564948,0.7469172260735041,0.6367013908892644,0.6216609477996826,0.7229494452476501,0.8045283555984497
sub-YZ013,sub-YZ013,80.4181900024414,80.41836166381836,0.0001716613769531,1.5026694536209106,0.22458676248788834,-1.2780826911330223,81.67067353128826,86.78190994262695,81.80543899536133,191.9756851196289,191.9757080078125,2.288818359375e-05,3.7765005826950073,0.900619626045227,-2.8758809566497807,72.64224325617778,211.39523315429688,197.96759033203122,222.55528259277344,222.5552978515625,1.52587890625e-05,3.4773313999176025,0.3716486841440201,-3.1056827157735825,88.00535664726902,235.84823608398435,224.40892791748047,7.733947515487671,5.595835208892822,-2.1381123065948486,5.545074701309204,3.2818305492401123,-2.263244152069092,40.91266359834067,55.99641036987305,25.080638885498047,1.0035768747329712,1.0035768747329712,0.0,2.160464584827423,2.160464584827423,0.0,0.0,31.44890785217285,31.44890785217285,1.0035768747329712,31.44890785217285,5.595835208892822,5.595835208892822,80.41836166381836,0.5354166666666667,3.2831989054293134,2.0,0.5,0.1335891196552324,0.7331988232156188,0.1545373267880388,1.656015396118164,1200.0,1200.0,1200.0,1200.0,-0.0757317358589481,0.21302463862928234,-0.10960954835957075,0.04893507861068805,1.0398937626263063,0.06936473251052411,1.5197508335113525,1.2713345885276794,1.7538349032402039
sub-YZ014,sub-YZ014,86.41488265991211,86.41484832763672,-3.4332275390625e-05,0.7670866549015045,0.1305552944540977,-0.6365313604474068,82.43164930581705,89.03750610351562,87.38468551635742,197.45388793945312,197.45389556884766,7.62939453125e-06,2.18688428401947,0.4710502922534942,-1.715833991765976,78.22878125234743,205.87683868408203,202.3534545898437,232.515121459961,232.515121459961,0.0,1.935836136341095,0.1488849371671676,-1.7869511991739273,91.91123531208571,238.38202667236325,233.51726531982422,3.6659122705459595,2.9273518323898315,-0.7385604381561279,2.2084723711013794,0.7966798841953278,-1.4117924869060516,63.57036390552584,42.04487609863281,8.590019226074219,0.20635071396827695,0.20635071396827695,0.0,0.380442664027214,0.380442664027214,0.0,0.0,9.39051866531372,9.39051866531372,0.20635071396827695,9.39051866531372,2.9273518323898315,2.9273518323898315,86.41484832763672,0.03875,0.7970120161537413,2.0,0.5,0.0587392732809829,0.7414568911133679,0.0962266743633455,2.066062092781067,1200.0,1200.0,1200.0,1200.0,0.20253047045108302,0.31778393312346676,0.127234398148403,0.43550531883085963,0.5007632649001942,0.3579581103156638,0.7973700165748596,0.8579215407371521,0.8966105282306671
sub-YZ015,sub-YZ015,170.66559600830078,170.66536712646484,-0.0002288818359375,1.4714425206184387,0.22078187018632886,-1.2506606504321098,83.63016625994788,176.8872833251953,171.76583099365234,397.3469696044922,397.3470153808594,4.57763671875e-05,5.170124530792236,0.8414645791053772,-4.328659951686859,83.56845750329902,418.41612243652344,402.73728942871094,406.40431213378906,406.40435791015625,4.57763671875e-05,2.6301738023757935,0.2772988229990005,-2.352874979376793,88.53469286382253,415.8600158691406,407.33128356933594,7.548725843429565,5.190682649612427,-2.3580431938171387,3.198798894882202,1.2141478657722473,-1.9846510291099548,61.45842155471297,47.2801513671875,14.77164602279663,0.2590441852807998,0.2590441852807998,0.0,0.1637926250696182,0.1637926250696182,0.0,0.0,2.2297073006629944,2.2297073006629944,0.2590441852807998,2.2297073006629944,5.190682649612427,5.190682649612427,170.66536712646484,0.05178538175046555,1.2146857490072884,2.0,0.5,0.10644030208215449,0.7382955175240078,0.16352388306788002,5.037088871002197,1137.0,1137.0,1137.0,1137.0,0.07417295460619991,0.1177404038927428,0.0228648548531147,0.7084274652663536,0.5598129211074201,0.4397701915901281,1.0914250016212463,1.262091338634491,1.2591549158096313
sub-YZ016,sub-YZ016,150.84698486328125,150.8468780517578,-0.0001068115234375,1.1658753752708435,0.2162398844957351,-0.9496354907751083,81.3623466583861,153.73799896240234,151.6034393310547,349.5514831542969,349.551513671875,3.0517578125e-05,3.291612148284912,0.9632548987865448,-2.3283572494983673,70.41196020497478,359.1672821044922,352.86773681640625,363.69139099121094,363.69139099121094,0.0,1.679492473602295,0.22761018574237818,-1.4518822878599167,86.4411634517619,368.09095764160156,364.42652893066406,10.045349597930908,5.429560899734497,-4.615788698196411,3.250860333442688,1.0210240185260775,-2.2298363149166107,67.96695174452641,25.6677188873291,12.303353309631348,0.3683442920446396,0.3683442920446396,0.0,0.24476265907287595,0.24476265907287595,0.0,0.0,1.8360442519187927,1.8360442519187927,0.3683442920446396,1.8360442519187927,5.429560899734497,5.429560899734497,150.8468780517578,0.2233333333333333,1.021449685587171,2.0,0.5,0.1276829971500078,0.7742537408122283,0.17596379194639677,5.173032283782959,1200.0,1200.0,1200.0,1200.0,0.3785367707183185,0.42260755588751064,0.3014082944083753,0.7152444268527365,0.7161806480397623,0.5106864242620505,1.264984369277954,1.54714035987854,1.4573862552642822
sub-YZ017,sub-YZ017,83.76359176635742,83.76357650756836,-1.52587890625e-05,0.6101675629615784,0.14969164133071894,-0.4604759216308594,75.35111651240102,85.7219123840332,84.36956787109375,168.8492889404297,168.8492889404297,0.0,2.132766008377075,0.6354392468929291,-1.4973267614841461,69.28521322584004,174.28035736083984,171.8478240966797,206.5374755859375,206.5375061035156,3.0517578125e-05,1.1364570260047913,0.17337527871131891,-0.9630817472934723,84.68900478055396,210.0530014038086,207.08113861083984,6.732934474945068,3.5179591178894043,-3.214975357055664,1.9998582601547246,0.6814892590045929,-1.318369001150131,65.02035052088216,14.802145004272461,8.614171266555786,0.5438840687274933,0.5438840687274933,0.0,0.316082626581192,0.316082626581192,0.0,0.0,2.546301484107971,2.546301484107971,0.5438840687274933,2.546301484107971,3.5179591178894043,3.5179591178894043,83.76357650756836,0.4683333333333334,0.6817734041007921,2.0,0.5,0.10182913051725084,0.7257164625564099,0.1132124769158459,0.72413370013237,1200.0,1200.0,1200.0,1200.0,0.10498258478194604,0.2008839487607113,0.0457235883118009,0.49892251211098865,0.6865593647139772,0.5455515045733546,0.7344877123832703,0.8530780076980591,0.8352763056755066
sub-YZ018,sub-YZ018,89.93995666503906,89.9398422241211,-0.000114440917968725,0.697807788848877,0.13217752799391747,-0.5656302608549595,81.19786258909866,92.30780029296875,90.47287368774414,204.25757598876953,204.25757598876953,0.0,1.7953432798385625,0.4754335880279541,-1.319909691810608,73.47012676031869,209.46314239501953,206.5010681152344,234.76251220703125,234.76250457763672,-7.62939453125e-06,1.4543724656105042,0.19722136855125424,-1.2571510970592499,86.4849151139638,239.47454833984375,235.35858917236328,4.645755648612976,2.918427348136902,-1.7273283004760742,1.6267831325531006,0.7791869938373566,-0.847596138715744,51.45825499379019,25.706719398498535,9.778707504272461,0.3077176511287689,0.3077176511287689,0.0,0.24874247610569,0.24874247610569,0.0,0.0,4.836692571640015,4.836692571640015,0.3077176511287689,4.836692571640015,2.918427348136902,2.918427348136902,89.9398422241211,0.09999999999999995,0.7795118798336853,2.0,0.5,0.06085385113865445,0.7821998492540743,0.10244152818530315,2.362382173538208,1200.0,1200.0,1200.0,1200.0,0.20223987856830267,0.3451580804980991,0.1278960738000654,0.41379732666175334,0.3983765604109827,0.5278023277931596,0.7068215012550354,0.8012065291404724,0.7858306467533112
sub-YZ019,sub-YZ019,90.79580688476562,90.79561614990234,-0.0001907348632812,0.7124735414981842,0.12200602889060969,-0.5904675126075745,82.91643413635249,92.75278091430664,91.8642463684082,221.57572174072266,221.57573699951172,1.52587890625e-05,2.1091138124465942,0.5876313000917435,-1.5214825123548508,72.86350180970581,227.69699859619138,228.55354309082034,214.64366149902344,214.64366912841797,7.62939453125e-06,1.3314433693885803,0.1379029750823974,-1.193540394306183,89.21369420361658,218.75373077392575,215.20339965820312,4.539330720901489,2.8464162349700928,-1.6929144859313965,1.078356385231018,0.6210675984621048,-0.45728878676891327,39.35644121338211,21.004971504211426,13.537588596343996,0.3090918660163879,0.3090918660163879,0.0,0.1908250823616981,0.1908250823616981,0.0,0.0,3.6001821756362915,3.6001821756362915,0.3090918660163879,3.6001821756362915,2.8464162349700928,2.8464162349700928,90.79561614990234,0.08499999999999995,0.6213265594711135,2.0,0.5,0.056329674088902895,0.7363184122813474,0.09418628427070061,1.4306894540786743,1200.0,1200.0,1200.0,1200.0,0.16282367786058816,0.07187444764720315,0.029853624932573444,0.2671264115396448,0.5080335051322452,0.19640754897981771,0.6002673804759979,0.6086662411689758,0.7605209946632385
sub-YZ020,sub-YZ020,77.98783874511719,77.9879264831543,8.7738037109375e-05,0.608650803565979,0.1002345792949199,-0.508416224271059,83.72699765991106,80.72198486328125,78.33267211914062,174.59735107421875,174.59738159179688,3.0517578125e-05,1.4776482582092285,0.3820030242204666,-1.095645233988762,74.36938703485721,184.16140747070312,175.75907135009766,215.79380798339844,215.79382324218744,1.52587890625e-05,1.515830934047699,0.1726912036538124,-1.3431397303938866,88.66369975541318,220.95889282226562,216.40986633300784,3.551142930984497,2.6124175786972046,-0.9387253522872925,1.5508729815483093,0.7439422607421875,-0.8069307208061218,52.073484379167596,20.70046043395996,8.333163738250732,0.34236341714859003,0.34236341714859003,0.0,0.29968029260635376,0.29968029260635376,0.0,0.0,3.753453850746155,3.753453850746155,0.34236341714859003,3.753453850746155,2.6124175786972046,2.6124175786972046,77.9879264831543,0.1645833333333333,0.7442524521502554,2.0,0.5,0.052270912337775303,0.7404789804778881,0.08353151593541419,0.8639999777078629,1200.0,1200.0,1200.0,1200.0,0.2491152788043185,0.13624724778991026,0.1007183556498433,0.24923330744879468,0.47979049314080824,0.2939323430181393,0.704322338104248,0.8785461783409119,0.642937108874321
sub-YZ021,sub-YZ021,91.6838150024414,91.68376159667969,-5.340576171875e-05,0.5683726817369461,0.0955741479992866,-0.47279853373765945,83.12600601258892,93.52782821655273,91.99714660644531,186.4402847290039,186.4403076171875,2.288818359375e-05,2.1055439114570618,0.41555631160736084,-1.689987599849701,80.45643078736502,191.86295318603516,187.74560546875,248.6528549194336,248.65287017822266,1.52587890625e-05,0.9421264827251434,0.13246369734406466,-0.8096627853810787,85.70145245657108,251.85830688476562,249.05543518066406,3.121711850166321,2.4928735494613647,-0.628838300704956,0.6879870891571045,0.4260847419500351,-0.26190234720706934,38.4548686989628,10.921492099761963,6.076749086380005,0.14176122099161145,0.14176122099161145,0.0,0.0985188111662864,0.0985188111662864,0.0,0.0,1.549035131931305,1.549035131931305,0.14176122099161145,1.549035131931305,2.4928735494613647,2.4928735494613647,91.68376159667969,0.01,0.42626240769640544,2.0,0.5,0.0425738387825799,0.7165503399370252,0.0814523939124503,0.9556602537631989,1200.0,1200.0,1200.0,1200.0,0.182521377286547,0.07137757211978285,-0.13180672120690956,0.3919075913263644,0.5288223232659608,0.37322350576156127,0.5981245338916779,0.7774260640144348,0.6708876490592957
sub-YZ022,sub-YZ022,139.09935913085937,139.09930114746095,-5.79833984375e-05,1.1972178101539612,0.06840705108406833,-1.1288107590698928,95.14115525316474,141.54842529296874,139.35796813964845,301.59711303710935,301.5968933105469,-0.0002197265625,4.42730827331543,0.2726384165085619,-4.154669856806867,93.42616178635204,311.2234802246094,302.67469482421876,357.5351135253906,357.535009765625,-0.000103759765625,2.2738904476165773,0.10226818386145164,-2.1716222637551255,96.89709017821018,361.387255859375,357.91119995117185,4.582807445526123,1.5068529322328685,-3.0759545132932544,2.062505376338959,0.3269046856323257,-1.735600690706633,80.70098748327743,36.580305862426755,4.694478404804249,0.10187972187995908,0.10187972187995908,0.0,0.12684947401285168,0.12684947401285168,0.0,0.0,3.209122523665428,3.209122523665428,0.10187972187995908,3.209122523665428,1.5068529322328685,1.5068529322328685,139.09930114746095,0.00169079875811458,0.32704407903620125,2.0,0.5,0.03457353687889774,0.6352414587786546,0.08534051033132484,1.2705728516434178,488.4,488.4,488.4,488.4,1.5163574939552995,1.4615937451822607,1.3841908045012814,1.442370654655694,1.4865161922159753,1.3792169136125607,0.4290049563132925,0.44152102967491375,0.48342353453772374
sub-YZ023,sub-YZ023,161.90546417236328,161.90545654296875,-7.62939453125e-06,0.8681093454360962,0.20781163871288294,-0.6602977067232132,75.67633392311407,165.26437377929688,162.57217407226562,399.3325805664063,399.3326110839844,3.0517578125e-05,4.054408311843872,0.7724464535713196,-3.2819618582725525,81.08889748993089,413.42042541503906,402.2266387939453,402.100830078125,402.1008605957031,3.0517578125e-05,1.4869757890701294,0.23195832222700116,-1.2550174668431282,83.83306337455062,406.7748413085938,402.846435546875,5.971269607543945,4.398144721984863,-1.573124885559082,2.553511679172516,1.205243706703186,-1.3482679724693298,51.57321258957379,32.54812431335449,12.205631256103516,0.15083217248320574,0.15083217248320574,0.0,0.2249083295464515,0.2249083295464515,0.0,0.0,4.239743232727051,4.239743232727051,0.15083217248320574,4.239743232727051,4.398144721984863,4.398144721984863,161.90545654296875,0.03874999999999995,1.2057462255204725,2.0,0.5,0.0808739822614432,0.734491381182987,0.14846937244490885,4.669145226478577,1200.0,1200.0,1200.0,1200.0,0.39542863138673295,0.40939233362849714,0.17434246426908126,0.14722239515217206,0.5425785777725324,0.2116264764569399,1.3732179999351501,1.350071370601654,1.2448943257331848
sub-YZ024,sub-YZ024,123.67664337158205,123.67640686035156,-0.0002365112304687,1.850394368171692,0.2607957720756531,-1.5895985960960388,85.90593569881344,130.23390197753906,124.80242156982422,256.41754150390625,256.4175720214844,3.0517578125e-05,4.0286126136779785,0.8320244550704956,-3.196588158607483,79.34712182934642,272.4323425292969,259.8988037109375,314.8385009765625,314.8385314941406,3.0517578125e-05,2.875421524047852,0.3270762264728546,-2.548345297574997,88.6251033548495,326.7121276855469,316.1809387207031,9.599257469177246,6.195897579193115,-3.403359889984131,4.921247005462647,2.833165407180786,-2.0880815982818604,42.429928755131854,66.40204620361328,28.07432746887207,0.3966045677661896,0.3966045677661896,0.0,0.4567740857601166,0.4567740857601166,0.0,0.0,5.8673295974731445,5.8673295974731445,0.3966045677661896,5.8673295974731445,6.195897579193115,6.195897579193115,123.67640686035156,0.1283333333333333,2.834346645036589,2.0,0.5,0.116090704199399,0.7232225502418279,0.2035431625220433,6.582165241241455,1200.0,1200.0,1200.0,1200.0,-0.0234237414313976,0.1561392809245253,-0.1485421959337694,0.4466459243108238,0.8527293903065486,0.378743288048583,1.252748966217041,1.598749041557312,1.7043925523757937
sub-YZHC002,sub-YZHC002,99.77783966064452,99.77745819091795,-0.0003814697265625,0.7606501579284668,0.1703546196222305,-0.5902955383062363,77.60407753201952,101.78780364990234,100.33119201660156,195.27159118652344,195.2715759277344,-1.52587890625e-05,2.190007448196411,0.7016094923019409,-1.4883979558944702,67.96314583862471,203.66102600097656,197.25421142578125,254.2022857666016,254.2022857666016,0.0,0.9804508090019226,0.1635790467262268,-0.8168717622756958,83.31593536112774,257.1756591796875,254.78448486328125,3.4002301692962646,2.9868764877319336,-0.413353681564331,1.440531849861145,0.541628897190094,-0.898902952671051,62.40076904635588,26.28684425354004,7.420239448547363,0.1198232769966125,0.1198232769966125,0.0,0.1909142434597015,0.1909142434597015,0.0,0.0,3.2854018211364746,3.2854018211364746,0.1198232769966125,3.2854018211364746,2.9868764877319336,2.9868764877319336,99.77745819091795,0.015,0.541854713725315,2.0,0.5,0.0590260522248732,0.75541030678861,0.1076395348663795,2.260697364807129,,,,,,,,,,,,,
sub-YZHC003,sub-YZHC003,249.5608253479004,249.5610033671061,0.00017801920572916666,0.26287138027449447,0.05253324245616867,-0.21033813781832578,71.22840638460461,250.41982142130533,249.8069610595703,476.01183319091797,476.01186116536456,2.7974446614583332e-05,0.9129653374354044,0.1830904886846838,-0.7298748487507206,79.61774706966217,479.2591781616211,476.85619099934894,561.8511149088541,561.8510996500651,-1.52587890625e-05,0.5775709201892217,0.06535600129063819,-0.5122149188985835,89.28844278364262,563.4367802937826,562.0860010782877,2.463705082734426,1.5811514903010295,-0.8825535924333963,0.549292745689551,0.2684724250381502,-0.28082032065140083,49.17611624628331,5.316552559534709,2.991875731931941,0.0647183340042829,0.0647183340042829,0.0,0.04991802231719092,0.04991802231719092,0.0,0.0,0.4859848270813624,0.4859848270813624,0.0647183340042829,0.4859848270813624,1.5811514903010295,1.5811514903010295,249.5610033671061,0.004722222222222217,0.26873474563125654,2.0,0.5,0.024936489398206477,0.6655274375397923,0.0719340212672064,0.6328094791115065,529.0,529.0,529.0,529.0,0.33166860358713945,0.48029490566489685,0.27129637201076023,0.45996632677954324,0.6979533526635914,0.42215144084805073,0.2864244680386036,0.2979396294807278,0.305398436774946
sub-YZHC004,sub-YZHC004,145.29287719726562,145.29327392578125,0.000396728515625,2.582782506942749,0.2226852476596832,-2.360097259283066,91.37808750597137,149.60952758789062,146.4844970703125,302.68853759765625,302.6885681152344,3.0517578125e-05,8.266549110412598,1.16426682472229,-7.102282285690308,85.91592683752677,321.4785461425781,309.1669311523437,355.0206298828125,355.0206604003906,3.0517578125e-05,6.527332782745361,0.2534823417663574,-6.273850440979004,96.11660152464688,362.3887634277344,356.8778686523437,6.514741897583008,5.768100738525391,-0.7466411590576172,1.9583897590637207,1.6169811487197876,-0.3414086103439331,17.433128863334947,23.36322784423828,22.57913398742676,0.2027661204338073,0.2027661204338073,0.0,0.1828949153423309,0.1828949153423309,0.0,0.0,1.3992676734924316,1.3992676734924316,0.2027661204338073,1.3992676734924316,5.768100738525391,5.768100738525391,145.29327392578125,0.0725,1.6176553278316363,2.0,0.5,0.0935027068119619,0.762513976561118,0.1762648590681569,8.573244094848633,,,,,,,,,,,,,
sub-YZHC005,sub-YZHC005,85.1160659790039,85.11605834960938,-7.62939453125e-06,0.6668406128883362,0.090575598180294,-0.5762650147080421,86.41720428694688,86.74647521972656,85.52196502685547,195.16004943847656,195.1600646972656,1.52587890625e-05,1.976250410079956,0.4767523407936096,-1.4994980692863464,75.87591439010399,200.50369262695312,196.6974639892578,240.21649169921875,240.21649169921875,0.0,1.19243586063385,0.1179967448115348,-1.0744391158223152,90.10456254235658,242.5918884277344,240.65399169921875,3.2633793354034424,2.654691934585572,-0.6086874008178711,1.0847946405410769,0.6405695080757141,-0.4442251324653625,40.95015921573791,18.381423950195312,7.671772956848144,0.1314521729946136,0.1314521729946136,0.0,0.1834656149148941,0.1834656149148941,0.0,0.0,4.103306293487549,4.103306293487549,0.1314521729946136,4.103306293487549,2.654691934585572,2.654691934585572,85.11605834960938,0.0166666666666666,0.640836570667757,2.0,0.5,0.0476684828268511,0.7535365131127674,0.0779731847249267,0.6931125521659851,,,,,,,,,,,,,
sub-YZHC006,sub-YZHC006,83.9222640991211,83.92219543457031,-6.866455078125e-05,0.6183776259422302,0.0995138064026832,-0.518863819539547,83.90727571181885,85.84077453613281,84.30599212646484,161.52401733398438,161.52401733398438,0.0,1.618249535560608,0.3848416209220886,-1.2334079146385193,76.21864783735171,167.15013122558594,163.0877227783203,221.0170288085937,221.0169982910156,-3.0517578125e-05,1.271304488182068,0.1624190062284469,-1.108885481953621,87.22422458677056,224.6063995361328,221.6361541748047,3.135347604751587,2.4478695392608643,-0.6874780654907227,0.7376355528831482,0.4150918126106262,-0.322543740272522,43.72670745218505,11.078304290771484,5.153844833374023,0.2205929607152938,0.2205929607152938,0.0,0.1398945450782776,0.1398945450782776,0.0,0.0,1.759455919265747,1.759455919265747,0.2205929607152938,1.759455919265747,2.4478695392608643,2.4478695392608643,83.92219543457031,0.0308333333333333,0.4152648553251046,2.0,0.5,0.0410141881214934,0.706208628681852,0.0831522707197482,1.1288881301879885,,,,,,,,,,,,,
sub-YZHC009,sub-YZHC009,104.6287078857422,104.6283950805664,-0.0003128051757812,1.3915685415267944,0.1796859353780746,-1.2118826061487198,87.08752533447417,110.3392562866211,105.58759307861328,204.39442443847656,204.39442443847656,0.0,3.615300893783569,0.7199109792709351,-2.8953899145126343,80.08710753484431,220.8356170654297,207.90391540527344,254.672592163086,254.6726226806641,3.0517578125e-05,2.1554996967315674,0.2348148971796035,-1.920684799551964,89.10624308898495,265.4640808105469,256.05908203125,5.098005294799805,4.615372180938721,-0.482633113861084,4.596158027648926,2.384293794631958,-2.211864233016968,48.12419894423002,49.584434509277344,18.52619361877441,0.268389493227005,0.268389493227005,0.0,0.6640797257423401,0.6640797257423401,0.0,0.0,8.753268241882324,8.753268241882324,0.268389493227005,8.753268241882324,4.615372180938721,4.615372180938721,104.6283950805664,0.0650246305418719,2.385469088312104,2.0,0.5,0.0752916427562724,0.7402356091791488,0.1056719818811271,2.2432072162628174,,,,,,,,,,,,,
sub-YZHC010,sub-YZHC010,91.28491973876952,91.28482055664062,-9.918212890625e-05,0.502254843711853,0.0980869010090828,-0.4041679427027702,80.47069087792494,92.67057800292967,91.71842193603516,186.5009155273437,186.5009155273437,0.0,1.3575140237808228,0.3703772723674774,-0.9871367514133452,72.71650488472032,190.89596557617188,188.4715881347656,243.2110137939453,243.2110137939453,0.0,0.6630341410636902,0.1407053470611572,-0.522328794002533,78.77856684190849,245.18161010742188,243.64013671875,3.540745496749878,2.448726415634156,-1.0920190811157229,0.5150730609893799,0.32635098695755,-0.1887220740318298,36.63986496776251,5.638656139373779,5.063405990600586,0.2111093997955322,0.2111093997955322,0.0,0.1060884520411491,0.1060884520411491,0.0,0.0,0.6072590351104736,0.6072590351104736,0.2111093997955322,0.6072590351104736,2.448726415634156,2.448726415634156,91.28482055664062,0.0083333333333333,0.3264870412172953,2.0,0.5,0.0512282637215965,0.7941214746856081,0.0831815988969692,1.0237786769866943,,,,,,,,,,,,,
sub-YZHC013,sub-YZHC013,102.5995101928711,102.5995101928711,0.0,0.8879374861717224,0.1588198393583297,-0.7291176468133926,82.11362378188696,105.07764434814452,103.65990447998048,210.9254150390625,210.9254150390625,0.0,1.8256871700286863,0.7345378994941711,-1.0911492705345154,59.76649715500659,217.34132385253903,215.1760711669922,246.02944946289065,246.02947998046875,3.0517578125e-05,1.8031513690948489,0.1633932888507843,-1.6397580802440643,90.93845965173712,249.8200225830078,246.47125244140625,5.155178070068359,3.9390950202941895,-1.21608304977417,2.568365335464477,1.313408374786377,-1.2549569606781006,48.86208917981472,23.796794891357425,11.301817893981934,0.3473632931709289,0.3473632931709289,0.0,0.3422180414199829,0.3422180414199829,0.0,0.0,4.214890480041504,4.214890480041504,0.3473632931709289,4.214890480041504,3.9390950202941895,3.9390950202941895,102.5995101928711,0.1633333333333333,1.3139559651671346,2.0,0.5,0.0779527532790281,0.7452712310682668,0.1243395462466129,2.8083691596984863,,,,,,,,,,,,,
sub-YZHC014,sub-YZHC014,90.9515609741211,90.9511947631836,-0.0003662109375,1.5898585319519043,0.1944186687469482,-1.395439863204956,87.77132274100789,93.45162963867188,91.8266830444336,182.8975982666016,182.8975982666016,0.0,3.9211158752441406,0.6277798414230347,-3.293336033821106,83.98976563313249,189.1964263916016,185.3181610107422,239.4105682373047,239.4105682373047,0.0,3.787987232208252,0.3305912017822265,-3.4573960304260254,91.27264213112186,244.78912353515625,240.3813018798828,5.190880298614502,4.072153091430664,-1.118727207183838,1.6193467378616333,0.9879066944122314,-0.6314400434494019,38.99350452165828,16.769433975219727,11.273935317993164,0.283140629529953,0.283140629529953,0.0,0.2440767288208007,0.2440767288208007,0.0,0.0,2.396221876144409,2.396221876144409,0.283140629529953,2.396221876144409,4.072153091430664,4.072153091430664,90.9511947631836,0.1041666666666666,0.9883186068992732,2.0,0.5,0.0993623574207117,0.735522966583854,0.1372717344400639,2.7728934288024902,,,,,,,,,,,,,
sub-YZHC017,sub-YZHC017,80.30510711669922,80.30522918701172,0.0001220703125,0.5703580975532532,0.1025590896606445,-0.4677990078926086,82.01847399018143,81.76448822021484,80.7007827758789,164.76698303222656,164.76698303222656,0.0,2.145487070083618,0.3841073513031006,-1.7613797187805176,82.09696265901381,169.9873504638672,165.96043395996094,219.91473388671875,219.91473388671875,0.0,1.0177594423294067,0.1544840633869171,-0.8632753789424896,84.82116137057494,221.8633728027344,220.42062377929688,2.8470675945281982,2.134854316711426,-0.7122132778167725,0.6709742546081543,0.2825126945972442,-0.38846156001091,57.89515131810381,10.312874794006348,4.969100475311279,0.1760990619659423,0.1760990619659423,0.0,0.1210690140724182,0.1210690140724182,0.0,0.0,0.9779965281486512,0.9779965281486512,0.1760990619659423,0.9779965281486512,2.134854316711426,2.134854316711426,80.30522918701172,0.0275,0.2826304913164402,2.0,0.5,0.0449596607425807,0.7454506452117787,0.0862568461664685,1.7342747449874878,,,,,,,,,,,,,
sub-YZHC018,sub-YZHC018,91.71788024902344,91.71769714355467,-0.00018310546875,0.4893242418766022,0.1312246471643448,-0.3580995947122574,73.18247576267905,93.22746276855467,92.46492767333984,191.96327209472656,191.9632873535156,1.52587890625e-05,2.0857558250427246,0.4206896722316742,-1.6650661528110504,79.83034892288714,199.54869079589844,195.11949157714844,243.4449462890625,243.44500732421875,6.103515625e-05,0.734097957611084,0.1459076702594757,-0.5881902873516083,80.1242233755436,245.67779541015625,243.8570251464844,3.905633211135864,3.2799201011657715,-0.6257131099700928,0.7856659889221191,0.5982707142829895,-0.1873952746391296,23.85177381755106,12.209691047668455,6.069455146789551,0.2217215150594711,0.2217215150594711,0.0,0.1200844869017601,0.1200844869017601,0.0,0.0,1.3957306146621704,1.3957306146621704,0.2217215150594711,1.3957306146621704,3.2799201011657715,3.2799201011657715,91.71769714355467,0.0291666666666666,0.5985201314098313,2.0,0.5,0.0584720501310603,0.7619040106024261,0.1027021078147398,2.5379998683929443,,,,,,,,,,,,,
sub-YZHC019,sub-YZHC019,86.34740447998047,86.34742736816406,2.288818359375e-05,0.6703474521636963,0.0982546657323837,-0.5720927864313126,85.34272556489253,88.19104766845703,86.63807678222656,177.15194702148438,177.15196228027344,1.52587890625e-05,1.6058170795440674,0.4071244895458221,-1.1986925899982452,74.64689504601513,183.91360473632807,178.4232635498047,241.59744262695312,241.59744262695312,0.0,1.69412362575531,0.1198935732245445,-1.5742300525307655,92.9229737781922,246.44126892089844,242.0619659423828,3.544947862625122,3.247879981994629,-0.2970678806304931,1.446194052696228,0.7335668802261353,-0.7126271724700928,49.27604087027591,26.65549087524414,12.8580322265625,0.163059264421463,0.163059264421463,0.0,0.2902471125125885,0.2902471125125885,0.0,0.0,6.424525737762451,6.424525737762451,0.163059264421463,6.424525737762451,3.247879981994629,3.247879981994629,86.34742736816406,0.0141666666666666,0.7338727357540753,2.0,0.5,0.0542940433088843,0.7546380250168627,0.0828083103573195,0.7626698613166809,,,,,,,,,,,,,
sub-YZHC021,sub-YZHC021,86.40760040283203,86.40752410888672,-7.62939453125e-05,0.6489993333816528,0.130186066031456,-0.5188132673501968,79.9404931044978,88.28988647460938,87.34832000732422,169.39852905273438,169.39854431152344,1.52587890625e-05,2.374006986618042,0.3600742220878601,-2.013932764530182,84.83263848347751,176.4241485595703,172.6841583251953,217.3481903076172,217.3482208251953,3.0517578125e-05,1.1699681282043457,0.124686099588871,-1.0452820286154747,89.34277809941388,219.5870056152344,217.8731384277344,5.085511684417725,3.442593574523926,-1.6429181098937988,1.554618239402771,0.8862743973731995,-0.6683438420295715,42.99086586597141,19.140430450439453,9.882859230041504,0.2639303207397461,0.2639303207397461,0.0,0.1633278876543045,0.1633278876543045,0.0,0.0,1.7979185581207275,1.7979185581207275,0.2639303207397461,1.7979185581207275,3.442593574523926,3.442593574523926,86.40752410888672,0.07,0.8866439601208392,2.0,0.5,0.0540161124393764,0.7325213528090966,0.0876653570097026,1.1304455995559692,,,,,,,,,,,,,
sub-YZHC022,sub-YZHC022,104.4369888305664,104.43717956542967,0.0001907348632812,5.913829326629639,0.3170011639595032,-5.596828162670136,94.63966329680729,113.34185791015624,105.71571350097656,198.3005523681641,198.30059814453125,4.57763671875e-05,12.041043281555176,1.3282558917999268,-10.712787389755247,88.96893017705045,218.63555908203125,204.10714721679688,271.6194763183594,271.6194763183594,0.0,16.187280654907227,0.5166822671890259,-15.6705983877182,96.80809718318936,294.2210388183594,273.5231628417969,7.127497673034668,6.4800705909729,-0.6474270820617676,7.859299659729004,5.31994104385376,-2.539358615875244,32.31024042621634,63.029296875,34.541259765625,0.695481538772583,0.695481538772583,0.0,2.1769700050354004,2.1769700050354004,0.0,0.0,42.80485153198242,42.80485153198242,0.695481538772583,42.80485153198242,6.4800705909729,6.4800705909729,104.43717956542967,0.195,5.32215925308845,2.0,0.5,0.1648212414934231,0.767326191815826,0.2144651886277882,3.7093541622161865,,,,,,,,,,,,,
