query_id,query_text,query_group,query_set_version,priority,status,result_count
query_df2b47761c4b,DREADD sleep wake,animal_causal_sleep,sleep_literature_queries_v2_broad_sleep_science,1.0,active,322
query_17a869ac3e87,calcium imaging sleep wake neurons,animal_causal_sleep,sleep_literature_queries_v2_broad_sleep_science,1.0,active,228
query_82518d35d2bb,chemogenetic sleep regulation,animal_causal_sleep,sleep_literature_queries_v2_broad_sleep_science,1.0,active,236
query_556e6933d65e,fiber photometry sleep arousal,animal_causal_sleep,sleep_literature_queries_v2_broad_sleep_science,1.0,active,236
query_d9f741ec6bf9,optogenetic VLPO sleep,animal_causal_sleep,sleep_literature_queries_v2_broad_sleep_science,1.0,active,164
query_1cbd309ed7ac,optogenetic orexin sleep,animal_causal_sleep,sleep_literature_queries_v2_broad_sleep_science,1.0,active,260
query_29ff8da7b409,optogenetic sleep wake regulation,animal_causal_sleep,sleep_literature_queries_v2_broad_sleep_science,1.0,active,128
query_5adf1da30c6a,rodent sleep electrophysiology,animal_causal_sleep,sleep_literature_queries_v2_broad_sleep_science,1.0,active,445
query_17b031af8ed0,sleep deprivation mouse EEG,animal_causal_sleep,sleep_literature_queries_v2_broad_sleep_science,1.0,active,0
query_468fd2be47f6,thalamic reticular nucleus optogenetic spindle,animal_causal_sleep,sleep_literature_queries_v2_broad_sleep_science,1.0,active,244
query_2a9d33a108c4,animal model insomnia sleep,animal_sleep_models,sleep_literature_queries_v2_broad_sleep_science,1.0,active,160
query_f8d1bdb91487,chronic sleep restriction rodent,animal_sleep_models,sleep_literature_queries_v2_broad_sleep_science,1.0,active,436
query_decb907c0b51,chronic stress sleep disturbance mouse,animal_sleep_models,sleep_literature_queries_v2_broad_sleep_science,1.0,active,416
query_e1e120ae6831,mouse insomnia-like model,animal_sleep_models,sleep_literature_queries_v2_broad_sleep_science,1.0,active,253
query_9c60f983aef0,pharmacological insomnia model rodent,animal_sleep_models,sleep_literature_queries_v2_broad_sleep_science,1.0,active,280
query_8dea7c9ff404,rodent insomnia model,animal_sleep_models,sleep_literature_queries_v2_broad_sleep_science,1.0,active,178
query_1664cba823c3,sleep deprivation mouse EEG,animal_sleep_models,sleep_literature_queries_v2_broad_sleep_science,1.0,active,285
query_b5e439a7222e,sleep fragmentation animal model,animal_sleep_models,sleep_literature_queries_v2_broad_sleep_science,1.0,active,370
query_51a505413db9,stress induced insomnia animal model,animal_sleep_models,sleep_literature_queries_v2_broad_sleep_science,1.0,active,329
query_ebefdb27822e,ALFF as a confounding variable in fMRI studies of sleep networks,experiment_feedback_expansion,sleep_literature_queries_v2_broad_sleep_science,1.0,active,137
query_5ba93c840fdf,ALFF as a covariate in studies linking fMRI connectivity to sleep EEG features,experiment_feedback_expansion,sleep_literature_queries_v2_broad_sleep_science,1.0,active,116
query_b5f61a831aca,Amplitude of low-frequency fluctuation in insomnia patients,experiment_feedback_expansion,sleep_literature_queries_v2_broad_sleep_science,1.0,active,27
query_1b6e69d29542,Amplitude of low-frequency fluctuation in insomnia patients,experiment_feedback_expansion,sleep_literature_queries_v2_broad_sleep_science_incremental,1.0,active,115
query_7c91912a5603,Avoiding thalamus-DMN FC signatures in insomnia research: methodological considerations,experiment_feedback_expansion,sleep_literature_queries_v2_broad_sleep_science,1.0,active,29
query_6096f2ef3225,BAI as moderators of functional connectivity in insomnia research,experiment_feedback_expansion,sleep_literature_queries_v2_broad_sleep_science,1.0,active,155
query_de0ca37c36ee,Brain network integration during wakefulness and sleep,experiment_feedback_expansion,sleep_literature_queries_v2_broad_sleep_science,1.0,active,249
query_67901d727fe3,Cortical hyperarousal mechanisms in insomnia: a neuroimaging perspective,experiment_feedback_expansion,sleep_literature_queries_v2_broad_sleep_science,1.0,active,22
query_00ae58fb1195,Cortical hyperarousal mechanisms in insomnia: a neuroimaging perspective,experiment_feedback_expansion,sleep_literature_queries_v2_broad_sleep_science_incremental,1.0,active,49
query_14bfae6141b8,Covariates in fMRI analysis of insomnia,experiment_feedback_expansion,sleep_literature_queries_v2_broad_sleep_science,1.0,active,41
query_c8f3a393f10d,Covariates in fMRI studies of insomnia: mean_FD and mean_DVARS,experiment_feedback_expansion,sleep_literature_queries_v2_broad_sleep_science,1.0,active,0
query_2635464708a3,Covariates in fMRI studies of sleep disorders,experiment_feedback_expansion,sleep_literature_queries_v2_broad_sleep_science,1.0,active,177
query_40c6ba2723eb,Covariates in sleep research: Motion parameters and global signal power as confounders,experiment_feedback_expansion,sleep_literature_queries_v2_broad_sleep_science,1.0,active,115
query_f6985e1c4595,Covariates in sleep research: Motion parameters and global signal power as confounders,experiment_feedback_expansion,sleep_literature_queries_v2_broad_sleep_science_incremental,1.0,active,88
query_9b34ccfc3337,DMN FC and insomnia severity,experiment_feedback_expansion,sleep_literature_queries_v2_broad_sleep_science,1.0,active,0
query_710957ef45bc,DMN FC as a biomarker for sleep disturbances: literature review,experiment_feedback_expansion,sleep_literature_queries_v2_broad_sleep_science,1.0,active,79
query_12b45def88fb,DMN FC changes in individuals with sleep disruption,experiment_feedback_expansion,sleep_literature_queries_v2_broad_sleep_science,1.0,active,4
query_6d4cf0cf922e,DMN FC changes in individuals with sleep disruption,experiment_feedback_expansion,sleep_literature_queries_v2_broad_sleep_science_incremental,1.0,active,66
query_07f7dbbf2036,DMN ROI voxels insomnia,experiment_feedback_expansion,sleep_literature_queries_v2_broad_sleep_science,1.0,active,98
query_319c8e14de2c,DMN connectivity and emotional dysregulation in sleep disorders,experiment_feedback_expansion,sleep_literature_queries_v2_broad_sleep_science,1.0,active,19
query_c466441e7fd0,DMN connectivity and insomnia pathophysiology,experiment_feedback_expansion,sleep_literature_queries_v2_broad_sleep_science,1.0,active,7
query_2ebb26b70c48,DMN dysregulation and insomnia,experiment_feedback_expansion,sleep_literature_queries_v2_broad_sleep_science,1.0,active,11
query_bc4316bf6c09,DMN dysregulation as a biomarker for insomnia severity,experiment_feedback_expansion,sleep_literature_queries_v2_broad_sleep_science_incremental,1.0,active,62
query_40ac122aa7a7,DMN dysregulation in sleep disorders: Structural MRI and fMRI correlates,experiment_feedback_expansion,sleep_literature_queries_v2_broad_sleep_science,1.0,active,21
query_e731f6d15bfe,DMN dysregulation in sleep disorders: Structural MRI and fMRI correlates,experiment_feedback_expansion,sleep_literature_queries_v2_broad_sleep_science_incremental,1.0,active,66
query_92623e5af8bd,DMN dysregulation insomnia anxiety depression sleep quality,experiment_feedback_expansion,sleep_literature_queries_v2_broad_sleep_science,1.0,active,205
query_ef3a982dbcf6,DMN functional connectivity abnormalities in insomnia patients,experiment_feedback_expansion,sleep_literature_queries_v2_broad_sleep_science_incremental,1.0,active,104
query_2f79589dca98,DMN functional connectivity and insomnia severity (ISI) in sleep disorders,experiment_feedback_expansion,sleep_literature_queries_v2_broad_sleep_science,1.0,active,2
query_55aff7fbbfbb,DMN functional connectivity and insomnia severity (ISI) in sleep disorders,experiment_feedback_expansion,sleep_literature_queries_v2_broad_sleep_science_incremental,1.0,active,41
query_053f9ac28d6e,DMN functional connectivity in insomnia,experiment_feedback_expansion,sleep_literature_queries_v2_broad_sleep_science,1.0,active,30
query_2dcc649d88b2,DMN functional connectivity insomnia severity ISI,experiment_feedback_expansion,sleep_literature_queries_v2_broad_sleep_science,1.0,active,6
query_8591834b1fdf,DMN functional connectivity insomnia severity ISI,experiment_feedback_expansion,sleep_literature_queries_v2_broad_sleep_science_incremental,1.0,active,38
query_5216e34098ac,DMN stability as a predictor of poor sleep quality (PSQI),experiment_feedback_expansion,sleep_literature_queries_v2_broad_sleep_science,1.0,active,28
query_4926fb8777f1,DMN stability as a predictor of poor sleep quality (PSQI),experiment_feedback_expansion,sleep_literature_queries_v2_broad_sleep_science_incremental,1.0,active,63
query_e334c1061fdb,DMN-DMN FC insomnia,experiment_feedback_expansion,sleep_literature_queries_v2_broad_sleep_science,1.0,active,38
query_7262d0df45e1,DMN-SN functional connectivity and sleep spindle density in humans,experiment_feedback_expansion,sleep_literature_queries_v2_broad_sleep_science,1.0,active,68
query_74cf56f2006d,DMN-salience connectivity and sleep stage transitions,experiment_feedback_expansion,sleep_literature_queries_v2_broad_sleep_science,1.0,active,79
query_d1900c6416f0,DTI corpus callosum sleep spindle coupling,experiment_feedback_expansion,sleep_literature_queries_v2_broad_sleep_science,1.0,active,178
query_ba4fd3953d38,DTI fractional anisotropy sleep spindle density NREM sleep,experiment_feedback_expansion,sleep_literature_queries_v2_broad_sleep_science,1.0,active,74
query_c7b0f3eaab86,DTI measures of insular cortex integrity and NREM spindle density,experiment_feedback_expansion,sleep_literature_queries_v2_broad_sleep_science,1.0,active,4
query_77e1e23423b1,DTI measures of insular cortex integrity and NREM spindle density,experiment_feedback_expansion,sleep_literature_queries_v2_broad_sleep_science_incremental,1.0,active,15
query_914c043615f4,DTI-fMRI integration for network-specific connectivity in sleep disorders,experiment_feedback_expansion,sleep_literature_queries_v2_broad_sleep_science_incremental,1.0,active,87
query_d68a93d913c1,DVARS and thalamocortical connectivity in insomnia,experiment_feedback_expansion,sleep_literature_queries_v2_broad_sleep_science,1.0,active,17
query_9f91c4a5e8e6,DVARS as a covariate in sleep disorder studies,experiment_feedback_expansion,sleep_literature_queries_v2_broad_sleep_science,1.0,active,158
query_bd5870015a5e,DVARS in sleep studies,experiment_feedback_expansion,sleep_literature_queries_v2_broad_sleep_science,1.0,active,218
query_3986e0438a65,Default Mode Network dysregulation in insomnia,experiment_feedback_expansion,sleep_literature_queries_v2_broad_sleep_science,1.0,active,4
query_1bb205c645fa,Default mode network dysregulation in sleep disorders: functional connectivity analysis,experiment_feedback_expansion,sleep_literature_queries_v2_broad_sleep_science,1.0,active,99
query_af33a18b1386,Default mode network dysregulation insomnia,experiment_feedback_expansion,sleep_literature_queries_v2_broad_sleep_science,1.0,active,0
query_cc115ffd605f,Default mode network insomnia dysregulation,experiment_feedback_expansion,sleep_literature_queries_v2_broad_sleep_science,1.0,active,4
query_5ccb9d346a2f,Default mode network modulation in sleep disorders,experiment_feedback_expansion,sleep_literature_queries_v2_broad_sleep_science,1.0,active,129
query_4090d8acb285,EEG beta power insomnia sleep quality,experiment_feedback_expansion,sleep_literature_queries_v2_broad_sleep_science,1.0,active,71
query_5c9a73463ce0,EEG fMRI integration slow-wave density,experiment_feedback_expansion,sleep_literature_queries_v2_broad_sleep_science,1.0,active,229
query_8fba534ecdb0,EEG or MEG proxies for DMN functional connectivity in sleep disorders,experiment_feedback_expansion,sleep_literature_queries_v2_broad_sleep_science,1.0,active,391
query_453ded7c72a2,EEG power spectral density in insomnia and cortical arousal,experiment_feedback_expansion,sleep_literature_queries_v2_broad_sleep_science,1.0,active,27
query_b1c8beaae52a,EEG power spectral density in insomnia and cortical arousal,experiment_feedback_expansion,sleep_literature_queries_v2_broad_sleep_science_incremental,1.0,active,81
query_022fecb8197e,Effect of global signal on default mode network in sleep disorders,experiment_feedback_expansion,sleep_literature_queries_v2_broad_sleep_science,1.0,active,28
query_8710d1751327,Effect of mean_FD on thalamus-salience FC in sleep disorders,experiment_feedback_expansion,sleep_literature_queries_v2_broad_sleep_science,1.0,active,0
query_bbec10ebce45,Effect of motion parameters on fMRI analysis in insomnia,experiment_feedback_expansion,sleep_literature_queries_v2_broad_sleep_science,1.0,active,12
query_d05dfd504f35,Effect of motion parameters on sleep architecture,experiment_feedback_expansion,sleep_literature_queries_v2_broad_sleep_science,1.0,active,204
query_e65807918ed7,Effect of thalamus_DMN_FC on salience_FC in sleep research,experiment_feedback_expansion,sleep_literature_queries_v2_broad_sleep_science,1.0,active,4
query_22dd51810dbd,Fractional anisotropy in thalamic white matter and insomnia severity,experiment_feedback_expansion,sleep_literature_queries_v2_broad_sleep_science,1.0,active,23
query_c46bcd80c6be,Fractional anisotropy in thalamic white matter and insomnia severity,experiment_feedback_expansion,sleep_literature_queries_v2_broad_sleep_science_incremental,1.0,active,85
query_471d8aa899f4,Fractional anisotropy in thalamocortical pathways: Association with sleep spindle density and coherence in insomnia,experiment_feedback_expansion,sleep_literature_queries_v2_broad_sleep_science,1.0,active,12
query_c4d50495610b,Frame displacement in sleep network analysis,experiment_feedback_expansion,sleep_literature_queries_v2_broad_sleep_science,1.0,active,360
query_b43eeaa2d586,Frame-wise displacement in insomnia fMRI studies,experiment_feedback_expansion,sleep_literature_queries_v2_broad_sleep_science,1.0,active,57
query_e46e4b9bad24,Frontoparietal functional connectivity and sleep quality: Evidence from fMRI studies,experiment_feedback_expansion,sleep_literature_queries_v2_broad_sleep_science,1.0,active,60
query_bde2fbab7638,Frontoparietal functional connectivity and sleep quality: Evidence from fMRI studies,experiment_feedback_expansion,sleep_literature_queries_v2_broad_sleep_science_incremental,1.0,active,95
query_5dac76fc86c7,Frontoparietal functional connectivity and sleep quality: PSQI correlations,experiment_feedback_expansion,sleep_literature_queries_v2_broad_sleep_science,1.0,active,85
query_ecaf2a78c41e,Frontoparietal network connectivity in insomnia,experiment_feedback_expansion,sleep_literature_queries_v2_broad_sleep_science,1.0,active,20
query_12b98ffbcfc0,Frontoparietal network interaction with timefreq_fALFF in insomnia,experiment_feedback_expansion,sleep_literature_queries_v2_broad_sleep_science,1.0,active,0
query_bd4cb5a62baa,Functional connectivity between thalamus and frontoparietal network in insomnia,experiment_feedback_expansion,sleep_literature_queries_v2_broad_sleep_science,1.0,active,4
query_cd174018ead1,Functional connectivity between thalamus and salience network in insomnia,experiment_feedback_expansion,sleep_literature_queries_v2_broad_sleep_science,1.0,active,0
query_7822fa82df6f,Functional connectivity between thalamus and salience network in sleep disorders,experiment_feedback_expansion,sleep_literature_queries_v2_broad_sleep_science,1.0,active,13
query_5f3b62363bed,Functional connectivity patterns in insomnia patients,experiment_feedback_expansion,sleep_literature_queries_v2_broad_sleep_science,1.0,active,92
query_555b50519333,Functional connectivity predictors of insomnia severity (ISI,experiment_feedback_expansion,sleep_literature_queries_v2_broad_sleep_science,1.0,active,102
query_d37832a4bc30,Functional connectivity predictors of insomnia severity (ISI,experiment_feedback_expansion,sleep_literature_queries_v2_broad_sleep_science_incremental,1.0,active,112
query_59d4de1f261a,Functional connectivity thalamus DMN salience frontoparietal insomnia,experiment_feedback_expansion,sleep_literature_queries_v2_broad_sleep_science,1.0,active,0
query_9f9a10f7d6b5,Functional connectivity thalamus salience network insomnia,experiment_feedback_expansion,sleep_literature_queries_v2_broad_sleep_science,1.0,active,21
query_c16ad12c1140,GABAergic dysfunction frontoparietal network sleep stages,experiment_feedback_expansion,sleep_literature_queries_v2_broad_sleep_science,1.0,active,246
query_7b322c12b20a,Global signal PSD in sleep studies,experiment_feedback_expansion,sleep_literature_queries_v2_broad_sleep_science,1.0,active,292
query_3d082f33460e,Global signal PSD power in insomnia,experiment_feedback_expansion,sleep_literature_queries_v2_broad_sleep_science,1.0,active,335
query_6af2bd09eda1,Global signal and DMN analysis in insomnia patients,experiment_feedback_expansion,sleep_literature_queries_v2_broad_sleep_science,1.0,active,14
query_fecd8984e50a,Global signal impact on thalamocortical and DMN connectivity in insomnia,experiment_feedback_expansion,sleep_literature_queries_v2_broad_sleep_science,1.0,active,7
query_0357dc6e27f4,Global signal power and insomnia,experiment_feedback_expansion,sleep_literature_queries_v2_broad_sleep_science,1.0,active,178
query_56a29b3461a8,Global signal power and motion artifacts in fMRI,experiment_feedback_expansion,sleep_literature_queries_v2_broad_sleep_science,1.0,active,100
query_49bf5af8ab3f,Global signal power in fMRI studies,experiment_feedback_expansion,sleep_literature_queries_v2_broad_sleep_science,1.0,active,336
query_2a6f0f42aa6f,Global signal power in insomnia fMRI,experiment_feedback_expansion,sleep_literature_queries_v2_broad_sleep_science,1.0,active,56
query_6f055da4a938,Global signal power in thalamus-DMN FC studies of insomnia,experiment_feedback_expansion,sleep_literature_queries_v2_broad_sleep_science,1.0,active,13
query_a281c29be810,Global signal regression and thalamocortical connectivity in insomnia,experiment_feedback_expansion,sleep_literature_queries_v2_broad_sleep_science,1.0,active,48
query_dda09ec4f01e,Global signal regression in fMRI studies of insomnia,experiment_feedback_expansion,sleep_literature_queries_v2_broad_sleep_science,1.0,active,0
query_18dc83ae0332,Global_signal_psd as control in thalamus-salience FC in sleep disorders,experiment_feedback_expansion,sleep_literature_queries_v2_broad_sleep_science,1.0,active,0
query_7041616d30c9,Global_signal_psd control in thalamus connectivity studies of sleep disorders,experiment_feedback_expansion,sleep_literature_queries_v2_broad_sleep_science,1.0,active,0
query_2eb38a4fbfb4,Global_signal_psd modulation of thalamus network connectivity in insomnia,experiment_feedback_expansion,sleep_literature_queries_v2_broad_sleep_science,1.0,active,0
query_63401c3c59e3,Global_signal_psd_power_mean as a negative control in fMRI studies,experiment_feedback_expansion,sleep_literature_queries_v2_broad_sleep_science,1.0,active,0
query_11aa6120dd7c,Impact of anxiety on thalamocortical connectivity and insomnia severity,experiment_feedback_expansion,sleep_literature_queries_v2_broad_sleep_science,1.0,active,52
query_5a0865a72e40,Impact of motion on thalamic spindle modulation,experiment_feedback_expansion,sleep_literature_queries_v2_broad_sleep_science,1.0,active,232
query_eb838ce049be,Impact of motion parameters on fMRI connectivity in sleep studies,experiment_feedback_expansion,sleep_literature_queries_v2_broad_sleep_science,1.0,active,10
query_bdee9423a706,Impact of thalamic GABA on salience network connectivity in insomnia patients,experiment_feedback_expansion,sleep_literature_queries_v2_broad_sleep_science,1.0,active,20
query_f96b414429e4,Impact of thalamic connectivity on REM latency and DMN deactivation,experiment_feedback_expansion,sleep_literature_queries_v2_broad_sleep_science,1.0,active,52
query_1ea50726f5c1,Impact of thalamocortical coupling on sleep quality (PSQI) in sleep-disrupted populations,experiment_feedback_expansion,sleep_literature_queries_v2_broad_sleep_science,1.0,active,25
query_ed38c2e00fc8,Impact of thalamocortical coupling on sleep quality (PSQI) in sleep-disrupted populations,experiment_feedback_expansion,sleep_literature_queries_v2_broad_sleep_science_incremental,1.0,active,69
query_42e1f8957fed,Impact of thalamus-DMN FC on sleep quality and ISI scores,experiment_feedback_expansion,sleep_literature_queries_v2_broad_sleep_science_incremental,1.0,active,28
query_fb2f1048013c,Impact of thalamus-DMN FC on task execution and decision-making in insomnia,experiment_feedback_expansion,sleep_literature_queries_v2_broad_sleep_science_incremental,1.0,active,23
query_24a8686d9944,Impact of thalamus-DMN functional connectivity on salience network dynamics in sleep disorders,experiment_feedback_expansion,sleep_literature_queries_v2_broad_sleep_science,1.0,active,8
query_5f19f310b213,Interaction between default mode network FC and depression symptoms in insomnia,experiment_feedback_expansion,sleep_literature_queries_v2_broad_sleep_science,1.0,active,33
query_c31cc548e2d3,Interhemispheric salience network coordination and sleep efficiency in insomnia: a systematic review,experiment_feedback_expansion,sleep_literature_queries_v2_broad_sleep_science,1.0,active,83
query_7ba4d46462ad,Linear regression analysis of thalamus-DMN connectivity and REM latency,experiment_feedback_expansion,sleep_literature_queries_v2_broad_sleep_science,1.0,active,8
query_0ecd0e742621,Mean FD and fMRI data quality,experiment_feedback_expansion,sleep_literature_queries_v2_broad_sleep_science,1.0,active,516
query_e0284dea4c55,Mean FD and functional connectivity in insomnia,experiment_feedback_expansion,sleep_literature_queries_v2_broad_sleep_science,1.0,active,20
query_8c34366dba1e,Mean FD and network integration in insomnia,experiment_feedback_expansion,sleep_literature_queries_v2_broad_sleep_science,1.0,active,104
query_18c9fae88d0c,Mean FD as covariate in insomnia fMRI studies,experiment_feedback_expansion,sleep_literature_queries_v2_broad_sleep_science,1.0,active,83
query_18fd96728e34,Mean_FD and insomnia severity,experiment_feedback_expansion,sleep_literature_queries_v2_broad_sleep_science,1.0,active,94
query_02d1d22e74d6,Mean_FD as covariate in thalamus-DMN FC in insomnia,experiment_feedback_expansion,sleep_literature_queries_v2_broad_sleep_science,1.0,active,0
query_1546eea65cb7,Mean_FD modulation of thalamus network connectivity in insomnia,experiment_feedback_expansion,sleep_literature_queries_v2_broad_sleep_science,1.0,active,0
query_ac3e58955781,Mediation of DMN connectivity by white matter microstructure in sleep disorders,experiment_feedback_expansion,sleep_literature_queries_v2_broad_sleep_science_incremental,1.0,active,83
query_c819d7976fd7,Motion and segmentation quality effects on fMRI data in thalamocortical studies,experiment_feedback_expansion,sleep_literature_queries_v2_broad_sleep_science,1.0,active,233
query_0843d800af43,Motion correction in fMRI for insomnia research,experiment_feedback_expansion,sleep_literature_queries_v2_broad_sleep_science,1.0,active,4
query_a53a798b2915,Motion correction in fMRI sleep studies,experiment_feedback_expansion,sleep_literature_queries_v2_broad_sleep_science,1.0,active,120
query_e0b0d30fca11,Motion parameters affecting FC in insomnia patients,experiment_feedback_expansion,sleep_literature_queries_v2_broad_sleep_science,1.0,active,139
query_58ca5fecf4cd,Multimodal approaches to studying sleep disorder-related neural dysregulation,experiment_feedback_expansion,sleep_literature_queries_v2_broad_sleep_science,1.0,active,262
query_972f625671b5,Negative control variables in fMRI sleep research,experiment_feedback_expansion,sleep_literature_queries_v2_broad_sleep_science,1.0,active,261
query_1cdc6ab4c60e,Negative controls in FC studies of sleep disorders,experiment_feedback_expansion,sleep_literature_queries_v2_broad_sleep_science,1.0,active,193
query_8da4a935e9d6,Negative controls in sleep studies: Global signal power and its impact on DMN FC,experiment_feedback_expansion,sleep_literature_queries_v2_broad_sleep_science,1.0,active,30
query_3c5fdaae891f,Negative controls in sleep studies: Global signal power and its impact on DMN FC,experiment_feedback_expansion,sleep_literature_queries_v2_broad_sleep_science_incremental,1.0,active,76
query_5c6743933e11,Negative correlation between thalamus-DMN FC and frontoparietal FC in sleep,experiment_feedback_expansion,sleep_literature_queries_v2_broad_sleep_science,1.0,active,21
query_a4e5abcfb7c4,Network dysregulation in insomnia,experiment_feedback_expansion,sleep_literature_queries_v2_broad_sleep_science,1.0,active,217
query_d95f3382cf48,Neural mechanisms linking salience network dysregulation to insomnia,experiment_feedback_expansion,sleep_literature_queries_v2_broad_sleep_science,1.0,active,77
query_72356cb2b87b,Neuroimaging correlates of psychological distress in insomnia: A meta-analysis,experiment_feedback_expansion,sleep_literature_queries_v2_broad_sleep_science,1.0,active,128
query_c626d0fe1c4b,Non-fMRI measures of thalamocortical coupling in sleep research,experiment_feedback_expansion,sleep_literature_queries_v2_broad_sleep_science,1.0,active,65
query_4eb68fc03f9a,PSG-based biomarkers for REM latency in neurodegenerative diseases,experiment_feedback_expansion,sleep_literature_queries_v2_broad_sleep_science,1.0,active,204
query_19f50bb735f5,PSG-derived features REM NREM switching fMRI,experiment_feedback_expansion,sleep_literature_queries_v2_broad_sleep_science,1.0,active,112
query_6de140a0fe8f,Partial least squares analysis of functional connectivity in REM sleep studies,experiment_feedback_expansion,sleep_literature_queries_v2_broad_sleep_science,1.0,active,153
query_0f8a65d1b3ed,Percent high motion and max_FD in fMRI studies of sleep disorders,experiment_feedback_expansion,sleep_literature_queries_v2_broad_sleep_science,1.0,active,0
query_72aa600c9818,Permutation testing for controlling false positives in fMRI connectivity analyses,experiment_feedback_expansion,sleep_literature_queries_v2_broad_sleep_science,1.0,active,284
query_9bed5403e15b,Psychological distress as a mediator of amygdala-prefrontal connectivity and sleep disturbances,experiment_feedback_expansion,sleep_literature_queries_v2_broad_sleep_science,1.0,active,166
query_f8e181f95cfb,Psychological mediators of thalamus-DMN connectivity in sleep disorders,experiment_feedback_expansion,sleep_literature_queries_v2_broad_sleep_science,1.0,active,79
query_aa4701dd3bfa,REM NREM switching thalamus connectivity default mode network,experiment_feedback_expansion,sleep_literature_queries_v2_broad_sleep_science,1.0,active,120
query_8feb0f55363b,REM latency prediction fMRI connectivity,experiment_feedback_expansion,sleep_literature_queries_v2_broad_sleep_science,1.0,active,253
query_392881c406e9,REM sleep instability and frontoparietal network dysfunction,experiment_feedback_expansion,sleep_literature_queries_v2_broad_sleep_science,1.0,active,128
query_31ce5b6bc42f,REM sleep instability and frontoparietal network dysfunction,experiment_feedback_expansion,sleep_literature_queries_v2_broad_sleep_science_incremental,1.0,active,95
query_7050dc6a9885,REM switching dynamics and REM latency prediction using PSG-derived features,experiment_feedback_expansion,sleep_literature_queries_v2_broad_sleep_science,1.0,active,137
query_c5c4d5c39da3,REM switching mechanisms involving DMN and salience network,experiment_feedback_expansion,sleep_literature_queries_v2_broad_sleep_science,1.0,active,84
query_04f8c64fd1dc,REM-NREM switching instability and insomnia cortical hyperarousal,experiment_feedback_expansion,sleep_literature_queries_v2_broad_sleep_science,1.0,active,12
query_17cb2dfffff7,REM-NREM switching instability and insomnia cortical hyperarousal,experiment_feedback_expansion,sleep_literature_queries_v2_broad_sleep_science_incremental,1.0,active,53
query_3a7aa3f3dbdd,REM-NREM switching instability cortical hyperarousal sleep disorders,experiment_feedback_expansion,sleep_literature_queries_v2_broad_sleep_science,1.0,active,96
query_740f0dfa835c,REM-NREM switching thalamus connectivity insomnia,experiment_feedback_expansion,sleep_literature_queries_v2_broad_sleep_science,1.0,active,100
query_fa77e54d0272,REM-NREM transitions thalamocortical coupling insomnia,experiment_feedback_expansion,sleep_literature_queries_v2_broad_sleep_science,1.0,active,109
query_3efd5d49bbe1,ROI voxels sleep networks,experiment_feedback_expansion,sleep_literature_queries_v2_broad_sleep_science,1.0,active,116
query_01b4aec6ba12,Regression models in sleep network studies,experiment_feedback_expansion,sleep_literature_queries_v2_broad_sleep_science,1.0,active,402
query_1b28712e9008,Resting-state fMRI predictors of ISI scores,experiment_feedback_expansion,sleep_literature_queries_v2_broad_sleep_science,1.0,active,98
query_022b74969e43,Resting-state fMRI predictors of ISI scores,experiment_feedback_expansion,sleep_literature_queries_v2_broad_sleep_science_incremental,1.0,active,141
query_d918f7ec6017,Resting-state networks thalamus insomnia functional connectivity,experiment_feedback_expansion,sleep_literature_queries_v2_broad_sleep_science,1.0,active,92
query_32022a2c16dd,Role of DTI-derived FA in mediating thalamocortical connectivity and sleep disturbances,experiment_feedback_expansion,sleep_literature_queries_v2_broad_sleep_science,1.0,active,100
query_321dfec5eaf4,Role of frontoparietal network integrity in modulating REM latency via DMN-salience interactions,experiment_feedback_expansion,sleep_literature_queries_v2_broad_sleep_science,1.0,active,13
query_2e841c1bf7f2,Role of mean_FD as a covariate in fMRI studies of REM latency,experiment_feedback_expansion,sleep_literature_queries_v2_broad_sleep_science,1.0,active,0
query_8d4e665b265b,Role of salience and frontoparietal networks in sleep,experiment_feedback_expansion,sleep_literature_queries_v2_broad_sleep_science,1.0,active,22
query_220328edd9bf,Role of salience network dysregulation in insomnia pathophysiology,experiment_feedback_expansion,sleep_literature_queries_v2_broad_sleep_science,1.0,active,28
query_d97cb0df5e41,Role of sleep stage transitions in predicting REM latency in sleep disorders,experiment_feedback_expansion,sleep_literature_queries_v2_broad_sleep_science,1.0,active,119
query_cadd37f460d0,Role of thalamic networks in mediating cognitive deficits during sleep disturbances,experiment_feedback_expansion,sleep_literature_queries_v2_broad_sleep_science_incremental,1.0,active,103
query_4b733f24da96,Role of thalamus-DMN FC in mediating cognitive deficits in insomnia,experiment_feedback_expansion,sleep_literature_queries_v2_broad_sleep_science_incremental,1.0,active,34
query_558833bc0f60,Role of thalamus-DMN FC in sleep disruption: literature review,experiment_feedback_expansion,sleep_literature_queries_v2_broad_sleep_science,1.0,active,5
query_0429d2e38cae,Role of thalamus-DMN FC in sleep disruption: literature review,experiment_feedback_expansion,sleep_literature_queries_v2_broad_sleep_science_incremental,1.0,active,65
query_a004ce393159,Role of thalamus-salience FC in sleep efficiency deficits: Neuroimaging evidence,experiment_feedback_expansion,sleep_literature_queries_v2_broad_sleep_science,1.0,active,72
query_2201c8595564,Role of timefreq_fALFF in predicting sleep quality (PSQI),experiment_feedback_expansion,sleep_literature_queries_v2_broad_sleep_science,1.0,active,0
query_e64dc4821d08,Role of timefreq_fALFF in predicting sleep quality (PSQI),experiment_feedback_expansion,sleep_literature_queries_v2_broad_sleep_science_incremental,1.0,active,1
query_34039b5c61b4,Salience network FC abnormalities in sleep disorders,experiment_feedback_expansion,sleep_literature_queries_v2_broad_sleep_science,1.0,active,26
query_c90c9b9f6128,Salience network FC abnormalities in sleep disorders,experiment_feedback_expansion,sleep_literature_queries_v2_broad_sleep_science_incremental,1.0,active,139
query_11b8722dbf8c,Salience network FC and cognitive state during sleep,experiment_feedback_expansion,sleep_literature_queries_v2_broad_sleep_science,1.0,active,103
query_9e3deb09a800,Salience network connectivity and insomnia severity,experiment_feedback_expansion,sleep_literature_queries_v2_broad_sleep_science,1.0,active,30
query_18fa25dcbdb1,Salience network connectivity in insomnia: role of thalamus and psychological comorbidities,experiment_feedback_expansion,sleep_literature_queries_v2_broad_sleep_science_incremental,1.0,active,64
query_e8a4e7121858,Salience network dysregulation in insomnia patients,experiment_feedback_expansion,sleep_literature_queries_v2_broad_sleep_science,1.0,active,34
query_c5cfe70a4119,Salience network dysregulation in insomnia patients,experiment_feedback_expansion,sleep_literature_queries_v2_broad_sleep_science_incremental,1.0,active,94
query_905cb5fdf95b,Salience network in sleep disorders,experiment_feedback_expansion,sleep_literature_queries_v2_broad_sleep_science,1.0,active,49
query_ce296a56a4b5,Salience network interaction with timefreq_fALFF in insomnia,experiment_feedback_expansion,sleep_literature_queries_v2_broad_sleep_science,1.0,active,0
query_51af082a78e3,Salience network-thalamus connectivity: Association with psychological distress and sleep disturbances,experiment_feedback_expansion,sleep_literature_queries_v2_broad_sleep_science,1.0,active,117
query_21a5dd5ebb3c,Sleep quality (ISI and psychological distress (BAI Neural connectivity (frontoparietal FC) as a mediator,experiment_feedback_expansion,sleep_literature_queries_v2_broad_sleep_science,1.0,active,6
query_847cc83c876a,Sleep quality (ISI and psychological distress (BAI Neural connectivity (frontoparietal FC) as a mediator,experiment_feedback_expansion,sleep_literature_queries_v2_broad_sleep_science_incremental,1.0,active,14
query_43d937fe15e9,Sleepiness scales as predictors of insomnia severity (ISI): current evidence,experiment_feedback_expansion,sleep_literature_queries_v2_broad_sleep_science,1.0,active,245
query_a2ef18ab8869,Statistical models for thalamus-DMN and sleep,experiment_feedback_expansion,sleep_literature_queries_v2_broad_sleep_science,1.0,active,16
query_64f810bb9f3e,Statistical significance of thalamic GABA in salience network dysregulation during sleep,experiment_feedback_expansion,sleep_literature_queries_v2_broad_sleep_science,1.0,active,144
query_8bd4cdf781c1,Statistical significance of thalamus-DMN FC in predicting REM latency,experiment_feedback_expansion,sleep_literature_queries_v2_broad_sleep_science,1.0,active,4
query_6df9018c593a,Structural MRI findings in sleep disruption: Thalamic integrity and cortical connectivity,experiment_feedback_expansion,sleep_literature_queries_v2_broad_sleep_science,1.0,active,51
query_974d3f5c48a9,Structural MRI findings in sleep disruption: Thalamic integrity and cortical connectivity,experiment_feedback_expansion,sleep_literature_queries_v2_broad_sleep_science_incremental,1.0,active,78
query_047dc0d000df,TBSS FA analysis in insomnia network connectivity studies,experiment_feedback_expansion,sleep_literature_queries_v2_broad_sleep_science_incremental,1.0,active,96
query_72cafd0a61c1,Thalamic GABA and salience network FC in insomnia: motion artifact control,experiment_feedback_expansion,sleep_literature_queries_v2_broad_sleep_science,1.0,active,4
query_e58dd8a38d01,Thalamic GABA effect on salience network connectivity in insomnia ( ): motion correction studies,experiment_feedback_expansion,sleep_literature_queries_v2_broad_sleep_science,1.0,active,50
query_40f40355ff5f,"Thalamic GABA levels and network-specific connectivity in insomnia: DMN, SN, and FPN interactions",experiment_feedback_expansion,sleep_literature_queries_v2_broad_sleep_science,1.0,active,8
query_74186458d9db,Thalamic GABA's role in salience network connectivity: insomnia and motion correction,experiment_feedback_expansion,sleep_literature_queries_v2_broad_sleep_science,1.0,active,0
query_6707f2f199d0,Thalamic connectivity to DMN and salience network during NREM sleep,experiment_feedback_expansion,sleep_literature_queries_v2_broad_sleep_science,1.0,active,57
query_628422c0df97,Thalamic feedback loop in sleep disturbances,experiment_feedback_expansion,sleep_literature_queries_v2_broad_sleep_science,1.0,active,256
query_d5a75ee0b079,Thalamic frontoparietal FC and insomnia,experiment_feedback_expansion,sleep_literature_queries_v2_broad_sleep_science,1.0,active,48
query_cfd1e34c00bd,Thalamic functional connectivity REM-NREM insomnia severity,experiment_feedback_expansion,sleep_literature_queries_v2_broad_sleep_science,1.0,active,72
query_d976895136e9,Thalamic structural integrity and thalamocortical coupling in sleep disruption: Mediation by DMN dysregulation,experiment_feedback_expansion,sleep_literature_queries_v2_broad_sleep_science,1.0,active,49
query_83c5415b5ece,Thalamic structural integrity and thalamocortical coupling in sleep disruption: Mediation by DMN dysregulation,experiment_feedback_expansion,sleep_literature_queries_v2_broad_sleep_science_incremental,1.0,active,60
query_c4b4f299ed3e,Thalamocortical connectivity and DMN FC: Role in sleep disruption and mental health,experiment_feedback_expansion,sleep_literature_queries_v2_broad_sleep_science,1.0,active,50
query_9805ee54f6a9,Thalamocortical connectivity and DMN FC: Role in sleep disruption and mental health,experiment_feedback_expansion,sleep_literature_queries_v2_broad_sleep_science_incremental,1.0,active,52
query_e08dc694141b,Thalamocortical coupling and DMN interactions in fMRI studies of sleep disorders,experiment_feedback_expansion,sleep_literature_queries_v2_broad_sleep_science,1.0,active,59
query_72396db04638,Thalamocortical coupling and insomnia severity,experiment_feedback_expansion,sleep_literature_queries_v2_broad_sleep_science,1.0,active,31
query_31b876ff49e3,Thalamocortical coupling gamma oscillations insomnia,experiment_feedback_expansion,sleep_literature_queries_v2_broad_sleep_science,1.0,active,187
query_3116bf566cd1,Thalamocortical dysregulation and insomnia comorbidities,experiment_feedback_expansion,sleep_literature_queries_v2_broad_sleep_science,1.0,active,85
query_70eda4352cdc,Thalamocortical dysregulation and insomnia comorbidities,experiment_feedback_expansion,sleep_literature_queries_v2_broad_sleep_science_incremental,1.0,active,78
query_6fb2c9781e1c,Thalamocortical white matter disruptions slow-wave activity insomnia,experiment_feedback_expansion,sleep_literature_queries_v2_broad_sleep_science,1.0,active,112
query_c4ef3603defe,Thalamus DMN FC and insomnia severity,experiment_feedback_expansion,sleep_literature_queries_v2_broad_sleep_science,1.0,active,4
query_77f6ee754781,Thalamus DMN salience frontoparietal functional connectivity insomnia,experiment_feedback_expansion,sleep_literature_queries_v2_broad_sleep_science,1.0,active,0
query_c500fa5a11d2,Thalamus FC and global_signal_psd in DMN and salience networks in insomnia,experiment_feedback_expansion,sleep_literature_queries_v2_broad_sleep_science,1.0,active,0
query_45a65701f9fe,"Thalamus connectivity and cognitive performance in insomnia: DMN, salience, and frontoparietal networks",experiment_feedback_expansion,sleep_literature_queries_v2_broad_sleep_science_incremental,1.0,active,53
query_1bb920be7ea1,Thalamus functional connectivity AND ISI AND fMRI,experiment_feedback_expansion,sleep_literature_queries_v2_broad_sleep_science_incremental,1.0,active,84
query_83b4a0e90690,Thalamus resting-state networks DMN salience frontoparietal insomnia,experiment_feedback_expansion,sleep_literature_queries_v2_broad_sleep_science,1.0,active,65
query_d4db7c04c3d0,Thalamus salience FC AND sleep quality AND ISI,experiment_feedback_expansion,sleep_literature_queries_v2_broad_sleep_science_incremental,1.0,active,56
query_6b05e8f459ce,Thalamus-DMN FC and frontoparietal network outcomes in fMRI,experiment_feedback_expansion,sleep_literature_queries_v2_broad_sleep_science,1.0,active,112
query_e73f914092ea,Thalamus-DMN FC and salience network outcomes in fMRI,experiment_feedback_expansion,sleep_literature_queries_v2_broad_sleep_science,1.0,active,71
query_87a044bc6fd7,Thalamus-DMN FC and salience network suppression during NREM sleep,experiment_feedback_expansion,sleep_literature_queries_v2_broad_sleep_science,1.0,active,24
query_f5faf4dea0dc,Thalamus-DMN connectivity and REM latency in fMRI studies,experiment_feedback_expansion,sleep_literature_queries_v2_broad_sleep_science,1.0,active,12
query_ac1a267994da,Thalamus-DMN connectivity as a predictor of REM latency: a linear regression approach,experiment_feedback_expansion,sleep_literature_queries_v2_broad_sleep_science,1.0,active,17
query_b04024be1247,Thalamus-DMN functional connectivity and insomnia severity index (ISI) correlation,experiment_feedback_expansion,sleep_literature_queries_v2_broad_sleep_science,1.0,active,2
query_62f0a89bb5cd,Thalamus-DMN functional connectivity and insomnia severity index (ISI) correlation,experiment_feedback_expansion,sleep_literature_queries_v2_broad_sleep_science_incremental,1.0,active,29
query_d2b14f15a96c,Thalamus-DMN functional connectivity and insomnia symptomatology,experiment_feedback_expansion,sleep_literature_queries_v2_broad_sleep_science,1.0,active,4
query_58b7dddec20f,Thalamus-DMN functional connectivity and insomnia symptomatology,experiment_feedback_expansion,sleep_literature_queries_v2_broad_sleep_science_incremental,1.0,active,77
query_781881572142,Thalamus-DMN functional connectivity and sleep stages,experiment_feedback_expansion,sleep_literature_queries_v2_broad_sleep_science,1.0,active,51
query_8d122901485f,Thalamus-DMN functional connectivity in insomnia,experiment_feedback_expansion,sleep_literature_queries_v2_broad_sleep_science,1.0,active,2
query_c793ba9806ad,Thalamus-DMN functional connectivity in insomnia,experiment_feedback_expansion,sleep_literature_queries_v2_broad_sleep_science_incremental,1.0,active,106
query_aa335e019f1a,Thalamus-DMN functional connectivity in insomnia: fMRI studies,experiment_feedback_expansion,sleep_literature_queries_v2_broad_sleep_science,1.0,active,16
query_67850d03892f,Thalamus-DMN functional connectivity insomnia severity prediction,experiment_feedback_expansion,sleep_literature_queries_v2_broad_sleep_science,1.0,active,67
query_4658b939bc6f,Thalamus-frontoparietal FC and insomnia,experiment_feedback_expansion,sleep_literature_queries_v2_broad_sleep_science,1.0,active,4
query_3479b3f84645,Thalamus-frontoparietal FC during NREM sleep,experiment_feedback_expansion,sleep_literature_queries_v2_broad_sleep_science,1.0,active,132
query_230ef4fb406c,Thalamus-salience FC and insomnia severity (ISI): influence of anxiety and depression,experiment_feedback_expansion,sleep_literature_queries_v2_broad_sleep_science_incremental,1.0,active,18
query_a50a04705a97,Thalamus-salience FC in insomnia,experiment_feedback_expansion,sleep_literature_queries_v2_broad_sleep_science,1.0,active,4
query_785eb083d3d4,Thalamus-salience network functional connectivity and insomnia severity: A systematic review,experiment_feedback_expansion,sleep_literature_queries_v2_broad_sleep_science,1.0,active,14
query_9557565e4d48,Time-frequency fALFF analysis in sleep studies,experiment_feedback_expansion,sleep_literature_queries_v2_broad_sleep_science,1.0,active,197
query_5532d04e865a,Time-frequency fALFF and insomnia severity index (ISI) correlation,experiment_feedback_expansion,sleep_literature_queries_v2_broad_sleep_science,1.0,active,9
query_0897f119341b,Time-frequency fALFF and insomnia severity index (ISI) correlation,experiment_feedback_expansion,sleep_literature_queries_v2_broad_sleep_science_incremental,1.0,active,30
query_d7aedef23dd4,Timefreq_fALFF and frontoparietal network connectivity in insomnia,experiment_feedback_expansion,sleep_literature_queries_v2_broad_sleep_science,1.0,active,0
query_e6b4ab2b03d7,Timefreq_fALFF and frontoparietal network in insomnia,experiment_feedback_expansion,sleep_literature_queries_v2_broad_sleep_science,1.0,active,0
query_298e957202d3,Timefreq_fALFF and salience network connectivity in insomnia,experiment_feedback_expansion,sleep_literature_queries_v2_broad_sleep_science,1.0,active,0
query_a642061b36ce,Timefreq_fALFF and salience network in insomnia,experiment_feedback_expansion,sleep_literature_queries_v2_broad_sleep_science,1.0,active,0
query_b98c13296447,Timefreq_fALFF modulation of frontoparietal network in sleep disorders,experiment_feedback_expansion,sleep_literature_queries_v2_broad_sleep_science,1.0,active,0
query_f13dc0b361a5,Timefreq_fALFF modulation of salience network in sleep disorders,experiment_feedback_expansion,sleep_literature_queries_v2_broad_sleep_science,1.0,active,0
query_23b6761c9241,Unaccounted circadian rhythm variability in 32% of participants confound thalamus DMN connectivity sleep fMRI,experiment_feedback_expansion,sleep_literature_queries_v2_broad_sleep_science,1.0,active,0
query_e0ac16b676ce,Voxel count in DMN during sleep,experiment_feedback_expansion,sleep_literature_queries_v2_broad_sleep_science,1.0,active,170
query_783000cd33b4,White matter integrity AND salience network connectivity AND insomnia,experiment_feedback_expansion,sleep_literature_queries_v2_broad_sleep_science_incremental,1.0,active,73
query_469ab1231213,White matter integrity as a mediator of thalamocortical functional connectivity in sleep disorders,experiment_feedback_expansion,sleep_literature_queries_v2_broad_sleep_science,1.0,active,116
query_c97a2751fd80,White matter integrity thalamocortical pathways sleep spindles insomnia,experiment_feedback_expansion,sleep_literature_queries_v2_broad_sleep_science,1.0,active,36
query_ec602be18258,White matter microstructure correlates with sleep spindle coherence,experiment_feedback_expansion,sleep_literature_queries_v2_broad_sleep_science,1.0,active,29
query_8509313687ca,White matter microstructure correlates with sleep spindle coherence,experiment_feedback_expansion,sleep_literature_queries_v2_broad_sleep_science_incremental,1.0,active,74
query_29946d3a8012,brain connectivity thalamus DMN salience network fMRI,experiment_feedback_expansion,sleep_literature_queries_v2_broad_sleep_science,1.0,active,290
query_1ea3ba7d7dba,combining EEG and fMRI for sleep disorder biomarkers,experiment_feedback_expansion,sleep_literature_queries_v2_broad_sleep_science,1.0,active,120
query_1ceef049659c,corpus callosum fractional anisotropy sleep oscillations insomnia,experiment_feedback_expansion,sleep_literature_queries_v2_broad_sleep_science,1.0,active,218
query_2a90e8305061,cortical slow oscillation thalamic spindle EEG fMRI sleep,experiment_feedback_expansion,sleep_literature_queries_v2_broad_sleep_science,1.0,active,97
query_0bc137938c8c,data availability challenges in insomnia research,experiment_feedback_expansion,sleep_literature_queries_v2_broad_sleep_science,1.0,active,570
query_ecd96a542aa5,default mode network (DMN) and thalamocortical interactions in sleep disorders,experiment_feedback_expansion,sleep_literature_queries_v2_broad_sleep_science_incremental,1.0,active,67
query_384e59fb2a67,default mode network dysregulation sleep disorders,experiment_feedback_expansion,sleep_literature_queries_v2_broad_sleep_science,1.0,active,34
query_e827ee7e8d48,default mode network dysregulation sleep disorders,experiment_feedback_expansion,sleep_literature_queries_v2_broad_sleep_science_incremental,1.0,active,132
query_68bc13739899,default mode network functional connectivity ISI sleep fMRI,experiment_feedback_expansion,sleep_literature_queries_v2_broad_sleep_science,1.0,active,22
query_67d99d391d85,default mode network functional connectivity PSQI sleep fMRI,experiment_feedback_expansion,sleep_literature_queries_v2_broad_sleep_science,1.0,active,26
query_96e5519201de,default mode network functional connectivity global signal confound resting state fMRI sleep,experiment_feedback_expansion,sleep_literature_queries_v2_broad_sleep_science,1.0,active,100
query_28cef5a7eaa0,dysregulation of salience-frontoparietal network in sleep disorders,experiment_feedback_expansion,sleep_literature_queries_v2_broad_sleep_science,1.0,active,112
query_0a3dc3100740,dysregulation of salience-frontoparietal network in sleep disorders,experiment_feedback_expansion,sleep_literature_queries_v2_broad_sleep_science_incremental,1.0,active,115
query_1e21ac484dd7,fALFF 0.01-0.08 Hz and sleep regulation,experiment_feedback_expansion,sleep_literature_queries_v2_broad_sleep_science,1.0,active,105
query_dc2fc83fd423,fALFF ISI sleep fMRI,experiment_feedback_expansion,sleep_literature_queries_v2_broad_sleep_science,1.0,active,34
query_999660beb471,fALFF PSQI sleep fMRI,experiment_feedback_expansion,sleep_literature_queries_v2_broad_sleep_science,1.0,active,39
query_e87881551354,fALFF abnormalities in thalamic regions during sleep deprivation,experiment_feedback_expansion,sleep_literature_queries_v2_broad_sleep_science,1.0,active,16
query_f7a07edf0d87,fALFF abnormalities in thalamic regions during sleep deprivation,experiment_feedback_expansion,sleep_literature_queries_v2_broad_sleep_science_incremental,1.0,active,57
query_8fb7602973aa,fALFF and functional connectivity in insomnia,experiment_feedback_expansion,sleep_literature_queries_v2_broad_sleep_science,1.0,active,31
query_f2a6ced142b0,fALFF and thalamus connectivity in sleep disorders,experiment_feedback_expansion,sleep_literature_queries_v2_broad_sleep_science,1.0,active,44
query_c059816923c7,fALFF global signal confound resting state fMRI sleep,experiment_feedback_expansion,sleep_literature_queries_v2_broad_sleep_science,1.0,active,211
query_7e52965ad6ed,fMRI analysis of thalamocortical connectivity in insomnia,experiment_feedback_expansion,sleep_literature_queries_v2_broad_sleep_science,1.0,active,4
query_d3c0527101bb,fMRI connectivity REM NREM switching PSG features,experiment_feedback_expansion,sleep_literature_queries_v2_broad_sleep_science,1.0,active,34
query_5cf2a3f9b56b,fMRI connectivity features insomnia machine learning models,experiment_feedback_expansion,sleep_literature_queries_v2_broad_sleep_science,1.0,active,254
query_51945a406688,fMRI connectivity insomnia thalamus,experiment_feedback_expansion,sleep_literature_queries_v2_broad_sleep_science,1.0,active,20
query_545737495b85,fMRI features predicting insomnia severity (ISI) in adults,experiment_feedback_expansion,sleep_literature_queries_v2_broad_sleep_science_incremental,1.0,active,81
query_99cced65842f,fMRI frontoparietal FC in sleep disorders,experiment_feedback_expansion,sleep_literature_queries_v2_broad_sleep_science,1.0,active,87
query_953e2c3ad1c8,fMRI motion parameters sleep disorder analysis,experiment_feedback_expansion,sleep_literature_queries_v2_broad_sleep_science,1.0,active,107
query_217bbf4b43da,fMRI segmentation quality and thalamus-DMN connectivity,experiment_feedback_expansion,sleep_literature_queries_v2_broad_sleep_science,1.0,active,147
query_a09a0c8ed32e,fMRI sleep prediction ISI PSQI,experiment_feedback_expansion,sleep_literature_queries_v2_broad_sleep_science,1.0,active,143
query_a860eaeaed40,fMRI studies of frontoparietal FC and REM latency,experiment_feedback_expansion,sleep_literature_queries_v2_broad_sleep_science,1.0,active,52
query_eae8eb6a531d,fMRI thalamus connectivity insomnia studies,experiment_feedback_expansion,sleep_literature_queries_v2_broad_sleep_science,1.0,active,36
query_833ef2a14d8c,fMRI thalamus-DMN coupling sleep quality covariates,experiment_feedback_expansion,sleep_literature_queries_v2_broad_sleep_science,1.0,active,93
query_8ec6ba7bb918,fMRI-based connectivity predictors of sleep disturbance,experiment_feedback_expansion,sleep_literature_queries_v2_broad_sleep_science,1.0,active,110
query_3e14cf229db4,fMRI-based connectivity predictors of sleep disturbance,experiment_feedback_expansion,sleep_literature_queries_v2_broad_sleep_science_incremental,1.0,active,116
query_f075216ef36c,fmri-based network connectivity biomarkers for insomnia: A systematic review,experiment_feedback_expansion,sleep_literature_queries_v2_broad_sleep_science,1.0,active,25
query_2f5f48813ed4,fractional anisotropy thalamocortical spindle sleep DTI,experiment_feedback_expansion,sleep_literature_queries_v2_broad_sleep_science,1.0,active,145
query_a6d0d538ab69,frontoparietal FC and insomnia,experiment_feedback_expansion,sleep_literature_queries_v2_broad_sleep_science,1.0,active,16
query_eea6c3ac4aa5,frontoparietal ROI voxels insomnia,experiment_feedback_expansion,sleep_literature_queries_v2_broad_sleep_science,1.0,active,128
query_40df8cc24456,functional connectivity DMN insomnia,experiment_feedback_expansion,sleep_literature_queries_v2_broad_sleep_science,1.0,active,0
query_6524cfad9a4c,functional connectivity DMN insomnia,experiment_feedback_expansion,sleep_literature_queries_v2_broad_sleep_science_incremental,1.0,active,97
query_b8dc7d109b8c,functional connectivity DMN salience REM latency fMRI,experiment_feedback_expansion,sleep_literature_queries_v2_broad_sleep_science,1.0,active,84
query_0fb374f18b25,functional connectivity between thalamus and default mode network (DMN) in sleep disorders,experiment_feedback_expansion,sleep_literature_queries_v2_broad_sleep_science_incremental,1.0,active,110
query_c9a32366aaa7,functional connectivity salience network sleep quality,experiment_feedback_expansion,sleep_literature_queries_v2_broad_sleep_science,1.0,active,42
query_84dbffa0edf2,functional connectivity salience network sleep quality,experiment_feedback_expansion,sleep_literature_queries_v2_broad_sleep_science_incremental,1.0,active,88
query_cd55cc2eea8f,functional connectivity sleep architecture insomnia,experiment_feedback_expansion,sleep_literature_queries_v2_broad_sleep_science,1.0,active,36
query_f3b2474fc8a3,functional connectivity thalamus default mode network sleep disorders,experiment_feedback_expansion,sleep_literature_queries_v2_broad_sleep_science,1.0,active,58
query_38b91a91ac82,functional connectivity thalamus default mode network sleep disorders,experiment_feedback_expansion,sleep_literature_queries_v2_broad_sleep_science_incremental,1.0,active,124
query_258f1166b665,functional connectivity thalamus-DMN insomnia ISI,experiment_feedback_expansion,sleep_literature_queries_v2_broad_sleep_science,1.0,active,9
query_3c69a7f868c3,global signal power sleep,experiment_feedback_expansion,sleep_literature_queries_v2_broad_sleep_science,1.0,active,316
query_606234f672d2,insomnia salience network brain imaging,experiment_feedback_expansion,sleep_literature_queries_v2_broad_sleep_science,1.0,active,70
query_7f9a696b9d00,insomnia severity thalamic network dynamics,experiment_feedback_expansion,sleep_literature_queries_v2_broad_sleep_science,1.0,active,121
query_45a178847679,interaction between thalamus and DMN connectivity in sleep disorders,experiment_feedback_expansion,sleep_literature_queries_v2_broad_sleep_science,1.0,active,4
query_ff04db94fc45,interaction between thalamus and DMN connectivity in sleep disorders,experiment_feedback_expansion,sleep_literature_queries_v2_broad_sleep_science_incremental,1.0,active,75
query_17914f277067,machine learning classification hyperarousal patterns insomnia,experiment_feedback_expansion,sleep_literature_queries_v2_broad_sleep_science,1.0,active,326
query_a23acf80166a,mean FD mean DVARS sleep study confounders,experiment_feedback_expansion,sleep_literature_queries_v2_broad_sleep_science,1.0,active,264
query_4515a0aa92b5,mediation analysis insomnia connectivity,experiment_feedback_expansion,sleep_literature_queries_v2_broad_sleep_science,1.0,active,248
query_eb33bf76b5cd,mediation thalamus DMN FC insomnia,experiment_feedback_expansion,sleep_literature_queries_v2_broad_sleep_science,1.0,active,18
query_a43c088fe13a,missing variables in sleep disorder neuroimaging studies,experiment_feedback_expansion,sleep_literature_queries_v2_broad_sleep_science,1.0,active,322
query_0baa1a35687c,mood scales as confounders in insomnia research,experiment_feedback_expansion,sleep_literature_queries_v2_broad_sleep_science,1.0,active,154
query_25afe5a12e24,mood scales as confounders in insomnia research,experiment_feedback_expansion,sleep_literature_queries_v2_broad_sleep_science_incremental,1.0,active,112
query_bca69bf8ba70,motion correction in fMRI sleep research,experiment_feedback_expansion,sleep_literature_queries_v2_broad_sleep_science,1.0,active,138
query_c660a6526b4b,motion parameters mean_FD in REM latency regression models,experiment_feedback_expansion,sleep_literature_queries_v2_broad_sleep_science,1.0,active,0
query_8fbdfb5a6daf,multichannel EEG FC insomnia REM latency,experiment_feedback_expansion,sleep_literature_queries_v2_broad_sleep_science,1.0,active,192
query_436ecab6c0f5,multimodal neuroimaging insomnia research,experiment_feedback_expansion,sleep_literature_queries_v2_broad_sleep_science,1.0,active,255
query_29c156ec3ffe,multivariate regression sleep networks,experiment_feedback_expansion,sleep_literature_queries_v2_broad_sleep_science,1.0,active,470
query_70321a002078,network coupling salience network sleep,experiment_feedback_expansion,sleep_literature_queries_v2_broad_sleep_science,1.0,active,142
query_6a5a387ab48f,neural mechanisms of DMN dysregulation in insomnia,experiment_feedback_expansion,sleep_literature_queries_v2_broad_sleep_science,1.0,active,18
query_3921018633d5,neural mechanisms of DMN dysregulation in insomnia,experiment_feedback_expansion,sleep_literature_queries_v2_broad_sleep_science_incremental,1.0,active,58
query_f68487fbd9b0,neural network interactions sleep metrics,experiment_feedback_expansion,sleep_literature_queries_v2_broad_sleep_science,1.0,active,368
query_0416aed2506f,neural power and insomnia severity,experiment_feedback_expansion,sleep_literature_queries_v2_broad_sleep_science,1.0,active,41
query_8cbf8f5336c3,neural power and insomnia severity,experiment_feedback_expansion,sleep_literature_queries_v2_broad_sleep_science_incremental,1.0,active,79
query_d2c0c2654969,novel predictor-outcome relationships in fMRI REM research,experiment_feedback_expansion,sleep_literature_queries_v2_broad_sleep_science,1.0,active,215
query_c61b5b42f77c,null findings thalamus default mode network salience network functional connectivity sleep fMRI,experiment_feedback_expansion,sleep_literature_queries_v2_broad_sleep_science,1.0,active,116
query_06da03225ee4,regression models sleep stages,experiment_feedback_expansion,sleep_literature_queries_v2_broad_sleep_science,1.0,active,482
query_e1d16231a5bc,resting-state fMRI DMN FC psychological comorbidities,experiment_feedback_expansion,sleep_literature_queries_v2_broad_sleep_science,1.0,active,265
query_26558ccd5035,robustness check thalamus_DMN_FC salience_FC fMRI,experiment_feedback_expansion,sleep_literature_queries_v2_broad_sleep_science,1.0,active,0
query_786ddbe2c424,role of thalamus in REM sleep regulation via fMRI,experiment_feedback_expansion,sleep_literature_queries_v2_broad_sleep_science,1.0,active,28
query_9ba0f330eb64,salience ROI voxels sleep,experiment_feedback_expansion,sleep_literature_queries_v2_broad_sleep_science,1.0,active,114
query_f373f56cdfc6,salience network connectivity insomnia sleep stages,experiment_feedback_expansion,sleep_literature_queries_v2_broad_sleep_science,1.0,active,16
query_73a5a33075f9,salience network dysfunction sleep disorders,experiment_feedback_expansion,sleep_literature_queries_v2_broad_sleep_science,1.0,active,95
query_211e7f3c7eb6,salience network frontoparietal connectivity insomnia,experiment_feedback_expansion,sleep_literature_queries_v2_broad_sleep_science,1.0,active,36
query_f8c96bc4b40c,salience network frontoparietal connectivity insomnia,experiment_feedback_expansion,sleep_literature_queries_v2_broad_sleep_science_incremental,1.0,active,81
query_ab22862f7f17,salience network functional connectivity global signal confound resting state fMRI sleep,experiment_feedback_expansion,sleep_literature_queries_v2_broad_sleep_science,1.0,active,52
query_1599b893d88b,sleep disorders thalamus connectivity REM latency,experiment_feedback_expansion,sleep_literature_queries_v2_broad_sleep_science,1.0,active,159
query_b8be70ad9fd9,sleep fMRI global signal regression fALFF,experiment_feedback_expansion,sleep_literature_queries_v2_broad_sleep_science,1.0,active,119
query_5bd8e6cbaab1,sleep spindle density thalamus DMN functional connectivity EEG fMRI,experiment_feedback_expansion,sleep_literature_queries_v2_broad_sleep_science,1.0,active,89
query_e11ddd9fedc7,sleepiness ISI sleep fMRI,experiment_feedback_expansion,sleep_literature_queries_v2_broad_sleep_science,1.0,active,110
query_79ea24cf4ffb,sleepiness ISI sleep fMRI,experiment_feedback_expansion,sleep_literature_queries_v2_broad_sleep_science_incremental,1.0,active,120
query_b75f2d44b431,sleepiness and insomnia severity correlation,experiment_feedback_expansion,sleep_literature_queries_v2_broad_sleep_science,1.0,active,228
query_e93536aaefbb,sleepiness and insomnia severity correlation,experiment_feedback_expansion,sleep_literature_queries_v2_broad_sleep_science_incremental,1.0,active,146
query_234a43c46f66,spindle density and thalamocortical coupling in sleep disorders,experiment_feedback_expansion,sleep_literature_queries_v2_broad_sleep_science,1.0,active,64
query_8e753ecc8876,thalamic GABA-salience network relationship in insomnia research,experiment_feedback_expansion,sleep_literature_queries_v2_broad_sleep_science,1.0,active,41
query_6f6bb5ce1917,thalamic GABAergic dysfunction network coupling insomnia,experiment_feedback_expansion,sleep_literature_queries_v2_broad_sleep_science,1.0,active,182
query_c0b0d388d20c,thalamic connectivity salience network insomnia,experiment_feedback_expansion,sleep_literature_queries_v2_broad_sleep_science,1.0,active,40
query_459faa6e8fe7,thalamic spindle modulation and insomnia severity,experiment_feedback_expansion,sleep_literature_queries_v2_broad_sleep_science,1.0,active,80
query_76cbc41907ba,thalamocortical coupling DMN dysfunction insomnia,experiment_feedback_expansion,sleep_literature_queries_v2_broad_sleep_science,1.0,active,16
query_26a798165fcb,thalamocortical coupling DMN dysfunction insomnia,experiment_feedback_expansion,sleep_literature_queries_v2_broad_sleep_science_incremental,1.0,active,69
query_f3a568a5a6e8,thalamocortical coupling DMN dysregulation insomnia,experiment_feedback_expansion,sleep_literature_queries_v2_broad_sleep_science,1.0,active,2
query_7fb12b11ae09,thalamocortical coupling DMN dysregulation insomnia,experiment_feedback_expansion,sleep_literature_queries_v2_broad_sleep_science_incremental,1.0,active,3
query_d09e1ef1b595,thalamocortical coupling DMN dysregulation interaction insomnia,experiment_feedback_expansion,sleep_literature_queries_v2_broad_sleep_science,1.0,active,4
query_71b49f44528a,thalamocortical coupling DMN dysregulation interaction insomnia,experiment_feedback_expansion,sleep_literature_queries_v2_broad_sleep_science_incremental,1.0,active,18
query_d027d8f57152,thalamocortical coupling and insomnia severity (ISI) fMRI studies,experiment_feedback_expansion,sleep_literature_queries_v2_broad_sleep_science_incremental,1.0,active,49
query_0c498f4dbd10,thalamocortical coupling in insomnia,experiment_feedback_expansion,sleep_literature_queries_v2_broad_sleep_science,1.0,active,8
query_192433d90c97,thalamocortical coupling mechanisms in insomnia,experiment_feedback_expansion,sleep_literature_queries_v2_broad_sleep_science,1.0,active,9
query_9ec48641ab2b,thalamocortical dysregulation in insomnia: neuroimaging evidence,experiment_feedback_expansion,sleep_literature_queries_v2_broad_sleep_science_incremental,1.0,active,90
query_9414e73bb791,thalamus DMN FC REM latency sleep disorders,experiment_feedback_expansion,sleep_literature_queries_v2_broad_sleep_science,1.0,active,48
query_2ac6c4880f70,thalamus DMN FC and insomnia,experiment_feedback_expansion,sleep_literature_queries_v2_broad_sleep_science,1.0,active,0
query_aa779dda8ade,thalamus DMN FC and insomnia,experiment_feedback_expansion,sleep_literature_queries_v2_broad_sleep_science_incremental,1.0,active,60
query_2d89ba1bc322,thalamus DMN FC in sleep biology,experiment_feedback_expansion,sleep_literature_queries_v2_broad_sleep_science,1.0,active,77
query_87206de36fa6,thalamus DMN functional connectivity insomnia severity ISI,experiment_feedback_expansion,sleep_literature_queries_v2_broad_sleep_science,1.0,active,1
query_94a90f807fed,thalamus DMN functional connectivity insomnia severity ISI,experiment_feedback_expansion,sleep_literature_queries_v2_broad_sleep_science_incremental,1.0,active,58
query_d2c063722b7c,thalamus FC and REM sleep latency predictors,experiment_feedback_expansion,sleep_literature_queries_v2_broad_sleep_science,1.0,active,93
query_d90c3c9b308c,thalamus FC mediates salience network insomnia,experiment_feedback_expansion,sleep_literature_queries_v2_broad_sleep_science,1.0,active,80
query_57a83d8697c0,thalamus connectivity sleep disorders,experiment_feedback_expansion,sleep_literature_queries_v2_broad_sleep_science,1.0,active,34
query_339c82eaaf92,thalamus connectivity sleep disorders,experiment_feedback_expansion,sleep_literature_queries_v2_broad_sleep_science_incremental,1.0,active,158
query_645d85417829,thalamus coord y ISI sleep fMRI,experiment_feedback_expansion,sleep_literature_queries_v2_broad_sleep_science_incremental,1.0,active,16
query_28665f6d0b58,thalamus coord z ISI sleep fMRI,experiment_feedback_expansion,sleep_literature_queries_v2_broad_sleep_science_incremental,1.0,active,10
query_0ff209e547dd,thalamus coord z global signal confound resting state fMRI sleep,experiment_feedback_expansion,sleep_literature_queries_v2_broad_sleep_science_incremental,1.0,active,12
query_6795152e96fe,thalamus default mode network frontoparietal network functional connectivity sleep fMRI,experiment_feedback_expansion,sleep_literature_queries_v2_broad_sleep_science,1.0,active,32
query_b066e6efa8c2,thalamus default mode network functional connectivity ISI sleep fMRI,experiment_feedback_expansion,sleep_literature_queries_v2_broad_sleep_science,1.0,active,31
query_5a6d954c0d19,thalamus default mode network functional connectivity PSQI sleep fMRI,experiment_feedback_expansion,sleep_literature_queries_v2_broad_sleep_science,1.0,active,12
query_cba7b7487366,thalamus default mode network salience network functional connectivity sleep fMRI,experiment_feedback_expansion,sleep_literature_queries_v2_broad_sleep_science,1.0,active,8
query_3cdffb73a815,thalamus frontoparietal network frontoparietal network functional connectivity sleep fMRI,experiment_feedback_expansion,sleep_literature_queries_v2_broad_sleep_science,1.0,active,68
query_2ac5e46eff1b,thalamus frontoparietal network functional connectivity ISI sleep fMRI,experiment_feedback_expansion,sleep_literature_queries_v2_broad_sleep_science,1.0,active,106
query_cdb9a7f44788,thalamus frontoparietal network salience network functional connectivity sleep fMRI,experiment_feedback_expansion,sleep_literature_queries_v2_broad_sleep_science,1.0,active,0
query_6b0061367d1f,thalamus modulates DMN FC insomnia,experiment_feedback_expansion,sleep_literature_queries_v2_broad_sleep_science,1.0,active,32
query_464b702a5f9f,thalamus salience FC insomnia sleep outcomes,experiment_feedback_expansion,sleep_literature_queries_v2_broad_sleep_science,1.0,active,51
query_9397e191891f,thalamus salience FC sleep architecture,experiment_feedback_expansion,sleep_literature_queries_v2_broad_sleep_science,1.0,active,45
query_4eb94e123cf7,thalamus salience network connectivity insomnia severity,experiment_feedback_expansion,sleep_literature_queries_v2_broad_sleep_science,1.0,active,10
query_736bec3787b7,thalamus salience network frontoparietal network functional connectivity sleep fMRI,experiment_feedback_expansion,sleep_literature_queries_v2_broad_sleep_science,1.0,active,0
query_87bcb159eaf7,thalamus salience network functional connectivity ISI sleep fMRI,experiment_feedback_expansion,sleep_literature_queries_v2_broad_sleep_science,1.0,active,30
query_be14aea36077,thalamus salience network functional connectivity PSQI sleep fMRI,experiment_feedback_expansion,sleep_literature_queries_v2_broad_sleep_science,1.0,active,16
query_c1fe3eea6a7b,thalamus salience network salience network functional connectivity sleep fMRI,experiment_feedback_expansion,sleep_literature_queries_v2_broad_sleep_science,1.0,active,18
query_534d3f82f153,thalamus-DMN FC and salience FC correlation fMRI,experiment_feedback_expansion,sleep_literature_queries_v2_broad_sleep_science,1.0,active,87
query_1eab08dc427d,thalamus-DMN FC and sleep disturbance in insomnia,experiment_feedback_expansion,sleep_literature_queries_v2_broad_sleep_science,1.0,active,10
query_546171e9edaa,thalamus-DMN FC and sleep quality in insomnia,experiment_feedback_expansion,sleep_literature_queries_v2_broad_sleep_science,1.0,active,2
query_d90da62e4512,thalamus-DMN FC and sleep quality in insomnia,experiment_feedback_expansion,sleep_literature_queries_v2_broad_sleep_science_incremental,1.0,active,26
query_0768486f9c46,thalamus-DMN FC × DMN FC insomnia severity,experiment_feedback_expansion,sleep_literature_queries_v2_broad_sleep_science,1.0,active,18
query_dc643ea93c43,thalamus-DMN FC × DMN FC insomnia severity,experiment_feedback_expansion,sleep_literature_queries_v2_broad_sleep_science_incremental,1.0,active,62
query_411994287b0d,thalamus-DMN functional connectivity insomnia ISI PSQI,experiment_feedback_expansion,sleep_literature_queries_v2_broad_sleep_science,1.0,active,14
query_bac7d477f2f0,thalamus-DMN functional connectivity insomnia severity index,experiment_feedback_expansion,sleep_literature_queries_v2_broad_sleep_science,1.0,active,21
query_65243609365e,thalamus-DMN functional connectivity insomnia severity index,experiment_feedback_expansion,sleep_literature_queries_v2_broad_sleep_science_incremental,1.0,active,82
query_ca806fd75871,thalamus_DMN_FC frontoparietal_FC negative effect fMRI,experiment_feedback_expansion,sleep_literature_queries_v2_broad_sleep_science,1.0,active,0
query_09b047a46aee,theta power NREM sleep insomnia,experiment_feedback_expansion,sleep_literature_queries_v2_broad_sleep_science,1.0,active,135
query_23195bf5237c,time-frequency fALFF effects on REM sleep stages,experiment_feedback_expansion,sleep_literature_queries_v2_broad_sleep_science,1.0,active,235
query_6d795cafb0df,time-frequency fALFF sleep outcomes,experiment_feedback_expansion,sleep_literature_queries_v2_broad_sleep_science,1.0,active,109
query_dee4b7d2cfe2,time-frequency fALFF sleep outcomes,experiment_feedback_expansion,sleep_literature_queries_v2_broad_sleep_science_incremental,1.0,active,137
query_e1967dffa373,timefreq ALFF 0.01 0.08 ISI sleep fMRI,experiment_feedback_expansion,sleep_literature_queries_v2_broad_sleep_science,1.0,active,0
query_cffd83f839a5,timefreq ALFF 0.01 0.08 PSQI sleep fMRI,experiment_feedback_expansion,sleep_literature_queries_v2_broad_sleep_science,1.0,active,4
query_763a1c63ca1d,timefreq ALFF 0.01 0.08 global signal confound resting state fMRI sleep,experiment_feedback_expansion,sleep_literature_queries_v2_broad_sleep_science,1.0,active,4
query_4bb05bd8ad19,timefreq fALFF insomnia severity,experiment_feedback_expansion,sleep_literature_queries_v2_broad_sleep_science,1.0,active,0
query_9e017ad3a504,timefreq fALFF insomnia sleep quality,experiment_feedback_expansion,sleep_literature_queries_v2_broad_sleep_science,1.0,active,0
query_09474fd6f0b3,timefreq global signal insomnia,experiment_feedback_expansion,sleep_literature_queries_v2_broad_sleep_science,1.0,active,208
query_824720f4a4a9,timefreq_fALFF and ALFF in insomnia neuroimaging studies,experiment_feedback_expansion,sleep_literature_queries_v2_broad_sleep_science_incremental,1.0,active,1
query_4a43280b10ba,microarousal sleep EEG,general_sleep_physiology,sleep_literature_queries_v2_broad_sleep_science,1.0,active,434
query_51adb73f3eb4,sleep architecture EEG,general_sleep_physiology,sleep_literature_queries_v2_broad_sleep_science,1.0,active,245
query_1130349dbd20,sleep fragmentation EEG,general_sleep_physiology,sleep_literature_queries_v2_broad_sleep_science,1.0,active,252
query_b4a76780f4cb,sleep homeostasis slow wave activity,general_sleep_physiology,sleep_literature_queries_v2_broad_sleep_science,1.0,active,284
query_355b6f731c9f,sleep physiology NREM REM,general_sleep_physiology,sleep_literature_queries_v2_broad_sleep_science,1.0,active,360
query_a15cf4cef40f,sleep spindle generation,general_sleep_physiology,sleep_literature_queries_v2_broad_sleep_science,1.0,active,188
query_a051ce235563,sleep wake transition neural mechanisms,general_sleep_physiology,sleep_literature_queries_v2_broad_sleep_science,1.0,active,228
query_5a648412a265,slow wave sleep delta power,general_sleep_physiology,sleep_literature_queries_v2_broad_sleep_science,1.0,active,260
query_f6570e380553,CAP sleep EEG,human_sleep_eeg_psg,sleep_literature_queries_v2_broad_sleep_science,1.0,active,392
query_ca71ab99a847,human beta power sleep EEG,human_sleep_eeg_psg,sleep_literature_queries_v2_broad_sleep_science,1.0,active,192
query_fbdac189fb1a,human delta power sleep EEG,human_sleep_eeg_psg,sleep_literature_queries_v2_broad_sleep_science,1.0,active,131
query_de1f93b2337e,human sigma power sleep EEG,human_sleep_eeg_psg,sleep_literature_queries_v2_broad_sleep_science,1.0,active,124
query_eec57c4fcbbc,human sleep EEG slow wave activity,human_sleep_eeg_psg,sleep_literature_queries_v2_broad_sleep_science,1.0,active,156
query_de0433353df1,human sleep microstructure,human_sleep_eeg_psg,sleep_literature_queries_v2_broad_sleep_science,1.0,active,310
query_4c555259f012,human sleep spindle density EEG,human_sleep_eeg_psg,sleep_literature_queries_v2_broad_sleep_science,1.0,active,148
query_8d30c76164e1,polysomnography sleep architecture,human_sleep_eeg_psg,sleep_literature_queries_v2_broad_sleep_science,1.0,active,348
query_6fb50b4e5540,sleep arousal index PSG,human_sleep_eeg_psg,sleep_literature_queries_v2_broad_sleep_science,1.0,active,448
query_f0816f364d24,EEG informed fMRI sleep,human_sleep_neuroimaging,sleep_literature_queries_v2_broad_sleep_science,1.0,active,210
query_954b9b09caf5,NREM sleep fMRI connectivity,human_sleep_neuroimaging,sleep_literature_queries_v2_broad_sleep_science,1.0,active,78
query_65be16303688,REM sleep fMRI connectivity,human_sleep_neuroimaging,sleep_literature_queries_v2_broad_sleep_science,1.0,active,109
query_9fabd56169c0,human sleep fMRI functional connectivity,human_sleep_neuroimaging,sleep_literature_queries_v2_broad_sleep_science,1.0,active,87
query_010d0c24ca45,simultaneous EEG fMRI sleep,human_sleep_neuroimaging,sleep_literature_queries_v2_broad_sleep_science,1.0,active,137
query_bef2892ec50c,sleep DTI white matter,human_sleep_neuroimaging,sleep_literature_queries_v2_broad_sleep_science,1.0,active,245
query_8b0dacdcc0dc,sleep MRI brain structure,human_sleep_neuroimaging,sleep_literature_queries_v2_broad_sleep_science,1.0,active,311
query_8289e2d892a6,sleep default mode network fMRI,human_sleep_neuroimaging,sleep_literature_queries_v2_broad_sleep_science,1.0,active,74
query_d715486faaa9,sleep spindle fMRI thalamus,human_sleep_neuroimaging,sleep_literature_queries_v2_broad_sleep_science,1.0,active,116
query_95d42363d253,sleep thalamus connectivity fMRI,human_sleep_neuroimaging,sleep_literature_queries_v2_broad_sleep_science,1.0,active,74
query_1196299fa1de,insomnia DTI fractional anisotropy,insomnia_clinical_application,sleep_literature_queries_v2_broad_sleep_science,1.0,active,272
query_294ba301cdf3,insomnia EEG slow wave activity,insomnia_clinical_application,sleep_literature_queries_v2_broad_sleep_science,1.0,active,189
query_f6f21ab77cac,insomnia beta power hyperarousal,insomnia_clinical_application,sleep_literature_queries_v2_broad_sleep_science,1.0,active,136
query_d5531dc22423,insomnia default mode network fMRI,insomnia_clinical_application,sleep_literature_queries_v2_broad_sleep_science,1.0,active,20
query_35252b6989d0,insomnia hippocampus volume,insomnia_clinical_application,sleep_literature_queries_v2_broad_sleep_science,1.0,active,208
query_e0d7d0416e6d,insomnia polysomnography sleep architecture,insomnia_clinical_application,sleep_literature_queries_v2_broad_sleep_science,1.0,active,250
query_fa23fcd241b4,insomnia resting state fMRI,insomnia_clinical_application,sleep_literature_queries_v2_broad_sleep_science,1.0,active,37
query_a949a6cd6411,insomnia sleep spindle EEG,insomnia_clinical_application,sleep_literature_queries_v2_broad_sleep_science,1.0,active,140
query_4ffc1537d6f4,insomnia structural MRI,insomnia_clinical_application,sleep_literature_queries_v2_broad_sleep_science,1.0,active,149
query_27e5055dd82b,insomnia thalamus functional connectivity,insomnia_clinical_application,sleep_literature_queries_v2_broad_sleep_science,1.0,active,44
query_782df2459e11,insomnia DTI white matter integrity,insomnia_neuroimaging,sleep_literature_queries_v2_broad_sleep_science,1.0,active,209
query_f1997d3b7d6a,insomnia MRI gray matter volume,insomnia_neuroimaging,sleep_literature_queries_v2_broad_sleep_science,1.0,active,240
query_02e496e378a2,insomnia amygdala hippocampus MRI,insomnia_neuroimaging,sleep_literature_queries_v2_broad_sleep_science,1.0,active,212
query_622d87579583,insomnia fMRI functional connectivity,insomnia_neuroimaging,sleep_literature_queries_v2_broad_sleep_science,1.0,active,14
query_c5153ad0e96b,insomnia neuroimaging meta analysis,insomnia_neuroimaging,sleep_literature_queries_v2_broad_sleep_science,1.0,active,284
query_1fd0ce23015c,EEG fMRI artifact correction sleep,methods_confounds,sleep_literature_queries_v2_broad_sleep_science,1.0,active,116
query_133648435a49,age sex motion covariates sleep fMRI,methods_confounds,sleep_literature_queries_v2_broad_sleep_science,1.0,active,225
query_f385304341d7,in scanner sleep EEG fMRI,methods_confounds,sleep_literature_queries_v2_broad_sleep_science,1.0,active,140
query_ba1ef4da3816,multiple comparison correction sleep fMRI,methods_confounds,sleep_literature_queries_v2_broad_sleep_science,1.0,active,245
query_ea357fa08bae,polysomnography scoring reliability,methods_confounds,sleep_literature_queries_v2_broad_sleep_science,1.0,active,528
query_9f9752d5088e,simultaneous EEG fMRI artifact correction,methods_confounds,sleep_literature_queries_v2_broad_sleep_science,1.0,active,311
query_f39c16623284,sleep fMRI head motion confound,methods_confounds,sleep_literature_queries_v2_broad_sleep_science,1.0,active,160
query_4267a04ddf24,sleep neuroimaging medication confound,methods_confounds,sleep_literature_queries_v2_broad_sleep_science,1.0,active,452
query_f5cfe33de0ae,sleep stage composition fMRI analysis,methods_confounds,sleep_literature_queries_v2_broad_sleep_science,1.0,active,266
query_aa5592fe0618,GABA sleep regulation,molecular_cellular_sleep,sleep_literature_queries_v2_broad_sleep_science,1.0,active,288
query_514b73664b58,TNF alpha sleep,molecular_cellular_sleep,sleep_literature_queries_v2_broad_sleep_science,1.0,active,508
query_a057bfdef600,acetylcholine REM sleep,molecular_cellular_sleep,sleep_literature_queries_v2_broad_sleep_science,1.0,active,300
query_d4207650bd8a,adenosine sleep pressure,molecular_cellular_sleep,sleep_literature_queries_v2_broad_sleep_science,1.0,active,360
query_2c7c65e89199,cytokines sleep regulation,molecular_cellular_sleep,sleep_literature_queries_v2_broad_sleep_science,1.0,active,288
query_779fe068526e,glutamate sleep wake regulation,molecular_cellular_sleep,sleep_literature_queries_v2_broad_sleep_science,1.0,active,244
query_561bf26d66e3,histamine sleep wake regulation,molecular_cellular_sleep,sleep_literature_queries_v2_broad_sleep_science,1.0,active,348
query_596a31cacfa9,interleukin sleep regulation,molecular_cellular_sleep,sleep_literature_queries_v2_broad_sleep_science,1.0,active,281
query_1b791241f66a,melatonin circadian sleep,molecular_cellular_sleep,sleep_literature_queries_v2_broad_sleep_science,1.0,active,508
query_7eaa5022484f,orexin receptor sleep arousal,molecular_cellular_sleep,sleep_literature_queries_v2_broad_sleep_science,1.0,active,308
query_c4fd235ed6ce,REM sleep brainstem circuit,sleep_circuits,sleep_literature_queries_v2_broad_sleep_science,1.0,active,260
query_38d56952ef49,SCN circadian sleep regulation,sleep_circuits,sleep_literature_queries_v2_broad_sleep_science,1.0,active,424
query_756fb02ce11b,VLPO sleep GABA,sleep_circuits,sleep_literature_queries_v2_broad_sleep_science,1.0,active,273
query_22386ebbe712,basal forebrain acetylcholine sleep,sleep_circuits,sleep_literature_queries_v2_broad_sleep_science,1.0,active,413
query_ac6591a880ac,cortical slow oscillation sleep,sleep_circuits,sleep_literature_queries_v2_broad_sleep_science,1.0,active,264
query_6792ab5cdbf2,locus coeruleus sleep wake norepinephrine,sleep_circuits,sleep_literature_queries_v2_broad_sleep_science,1.0,active,262
query_7942a4d1fcdb,orexin hypocretin arousal sleep wake,sleep_circuits,sleep_literature_queries_v2_broad_sleep_science,1.0,active,276
query_f547191d3b03,thalamic reticular nucleus sleep spindle,sleep_circuits,sleep_literature_queries_v2_broad_sleep_science,1.0,active,168
query_0547a21e08d0,thalamocortical spindle circuit,sleep_circuits,sleep_literature_queries_v2_broad_sleep_science,1.0,active,252
query_9ba3c8ecde9b,ISI fMRI insomnia,symptoms_scales,sleep_literature_queries_v2_broad_sleep_science,1.0,active,93
query_45568169cf4a,PSQI fMRI sleep quality,symptoms_scales,sleep_literature_queries_v2_broad_sleep_science,1.0,active,118
query_73db43a11350,PSQI sleep quality EEG,symptoms_scales,sleep_literature_queries_v2_broad_sleep_science,1.0,active,304
query_060908b02280,insomnia anxiety depression EEG,symptoms_scales,sleep_literature_queries_v2_broad_sleep_science,1.0,active,240
query_79295adb1a9e,insomnia depression anxiety fMRI,symptoms_scales,sleep_literature_queries_v2_broad_sleep_science,1.0,active,180
query_b2e338cc8cc4,insomnia severity index EEG,symptoms_scales,sleep_literature_queries_v2_broad_sleep_science,1.0,active,198
query_e02b925985f7,sleep quality neuroimaging,symptoms_scales,sleep_literature_queries_v2_broad_sleep_science,1.0,active,224
query_b16aac80546e,subjective sleep quality brain connectivity,symptoms_scales,sleep_literature_queries_v2_broad_sleep_science,1.0,active,185
query_8cba9103b440,adenosine sleep pressure human EEG,translational_bridge,sleep_literature_queries_v2_broad_sleep_science,1.0,active,187
query_d6ebdf34c892,animal sleep mechanism human EEG,translational_bridge,sleep_literature_queries_v2_broad_sleep_science,1.0,active,196
query_274411c1a92e,glymphatic clearance human sleep MRI,translational_bridge,sleep_literature_queries_v2_broad_sleep_science,1.0,active,304
query_3df26cebfc87,orexin hyperarousal insomnia,translational_bridge,sleep_literature_queries_v2_broad_sleep_science,1.0,active,248
query_0e97d414ebef,rodent sleep spindle human sleep spindle,translational_bridge,sleep_literature_queries_v2_broad_sleep_science,1.0,active,200
query_6d930e6ac481,sleep deprivation animal human translation,translational_bridge,sleep_literature_queries_v2_broad_sleep_science,1.0,active,416
query_b04cea6ed987,slow wave sleep glymphatic human,translational_bridge,sleep_literature_queries_v2_broad_sleep_science,1.0,active,252
query_48ad69451260,thalamocortical sleep spindle human animal,translational_bridge,sleep_literature_queries_v2_broad_sleep_science,1.0,active,124
